,broj_tema,avg_rezultata,posto_poz,posto_neg
2017-10-09,5,-0.2232334017753601,0.4,0.6
2017-10-10,27,-0.5528191902019359,0.2222222222222222,0.7777777777777778
2017-10-11,35,-0.6535125511033194,0.17142857142857143,0.8285714285714286
2017-10-12,29,-0.5700117390731285,0.20689655172413793,0.7931034482758621
2017-10-13,20,-0.5972388356924057,0.2,0.8
2017-10-14,26,-0.5597000741041623,0.19230769230769232,0.8076923076923077
2017-10-15,18,-0.7666453884707557,0.1111111111111111,0.8888888888888888
2017-10-17,30,-0.6628365536530813,0.16666666666666666,0.8333333333333334
2017-10-18,25,-0.5330842328071594,0.24,0.76
2017-10-19,25,-0.8205906343460083,0.08,0.92
2017-10-21,16,-0.16794945299625397,0.4375,0.5625
2017-10-22,48,-0.8095698207616806,0.08333333333333333,0.9166666666666666
2017-10-23,55,-0.7303251179781827,0.12727272727272726,0.8727272727272727
2017-10-24,5,-0.686298668384552,0.2,0.8
2017-10-25,77,-0.6734816393294891,0.15584415584415584,0.8441558441558441
2017-10-26,39,-0.6804438172242581,0.15384615384615385,0.8461538461538461
2017-10-27,12,-0.7838858813047409,0.08333333333333333,0.9166666666666666
2017-10-28,28,-0.7073312125035695,0.14285714285714285,0.8571428571428571
2017-10-29,40,-0.6220305174589157,0.175,0.825
2017-10-30,39,-0.820182720820109,0.07692307692307693,0.9230769230769231
2017-10-31,5,-0.9934648633003235,0.0,1.0
2017-11-01,49,-0.6281180272296983,0.16326530612244897,0.8367346938775511
2017-11-02,27,-0.6486950671231305,0.18518518518518517,0.8148148148148148
2017-11-03,26,-0.6552222508650559,0.15384615384615385,0.8461538461538461
2017-11-04,14,-0.8357629776000977,0.07142857142857142,0.9285714285714286
2017-11-05,15,-0.3634703596433004,0.3333333333333333,0.6666666666666666
2017-11-06,25,-0.744869408607483,0.12,0.88
2017-11-07,6,-0.6613041559855143,0.16666666666666666,0.8333333333333334
2017-11-08,34,-0.4795675663387074,0.2647058823529412,0.7352941176470589
2017-11-09,40,-0.8314479842782021,0.075,0.925
2017-11-10,40,-0.5856257885694504,0.2,0.8
2017-11-11,27,-0.8202544252077738,0.07407407407407407,0.9259259259259259
2017-11-12,46,-0.6549314169780068,0.17391304347826086,0.8260869565217391
2017-11-13,35,-0.5296772633280072,0.22857142857142856,0.7714285714285715
2017-11-14,92,-0.6132612455150356,0.18478260869565216,0.8152173913043478
2017-11-15,30,-0.36280046701431273,0.3333333333333333,0.6666666666666666
2017-11-16,50,-0.6510414981842041,0.16,0.84
2017-11-17,40,-0.6188215926289559,0.2,0.8
2017-11-19,33,-0.5266601714220914,0.24242424242424243,0.7575757575757576
2017-11-20,12,-0.4835217396418254,0.25,0.75
2017-11-21,35,-0.4750821215765817,0.2571428571428571,0.7428571428571429
2017-11-22,31,-0.7180394145750231,0.12903225806451613,0.8709677419354839
2017-11-23,53,-0.4666383423895206,0.2641509433962264,0.7358490566037735
2017-11-24,51,-0.5982503949427137,0.19607843137254902,0.803921568627451
2017-11-25,43,-0.4706878384878469,0.2558139534883721,0.7441860465116279
2017-11-26,22,-0.2757103741168976,0.36363636363636365,0.6363636363636364
2017-11-27,21,-0.6429024509021214,0.19047619047619047,0.8095238095238095
2017-11-28,23,-0.6608045645382093,0.17391304347826086,0.8260869565217391
2017-11-29,36,-0.8014362156391144,0.08333333333333333,0.9166666666666666
2017-11-30,40,-0.445118710398674,0.275,0.725
2017-12-01,40,-0.45915886461734773,0.275,0.725
2017-12-02,24,-0.44477344304323196,0.2916666666666667,0.7083333333333334
2017-12-03,28,-0.6322819015809468,0.17857142857142858,0.8214285714285714
2017-12-04,55,-0.34351839152249425,0.32727272727272727,0.6727272727272727
2017-12-05,67,-0.48459906186630475,0.2537313432835821,0.746268656716418
2017-12-06,28,-0.3628839360816138,0.32142857142857145,0.6785714285714286
2017-12-07,38,-0.5914509578755027,0.21052631578947367,0.7894736842105263
2017-12-08,49,-0.4778472379762299,0.2653061224489796,0.7346938775510204
2017-12-09,46,-0.6741308453290359,0.15217391304347827,0.8478260869565217
2017-12-10,25,-0.8373742938041687,0.08,0.92
2017-12-11,40,-0.7530568048357964,0.125,0.875
2017-12-12,11,-0.6453525965864008,0.18181818181818182,0.8181818181818182
2017-12-13,29,-0.6488204084593674,0.1724137931034483,0.8275862068965517
2017-12-14,32,-0.5152134001255035,0.25,0.75
2017-12-15,38,-0.42091724903959976,0.2894736842105263,0.7105263157894737
2017-12-16,10,-0.0022032856941223145,0.5,0.5
2017-12-17,40,-0.5573836743831635,0.2,0.8
2017-12-18,40,-0.7915772780776024,0.1,0.9
2017-12-19,34,-0.5080457049257615,0.23529411764705882,0.7647058823529411
2017-12-20,46,-0.8108830309432485,0.08695652173913043,0.9130434782608695
2017-12-21,32,-0.8124431483447552,0.09375,0.90625
2017-12-22,48,-0.4723617533842723,0.2708333333333333,0.7291666666666666
2017-12-23,34,-0.52137192382532,0.23529411764705882,0.7647058823529411
2017-12-24,6,-0.9523350397745768,0.0,1.0
2017-12-25,40,-0.7333146452903747,0.125,0.875
2017-12-26,40,-0.3842379853129387,0.325,0.675
2017-12-27,40,-0.5960728302598,0.2,0.8
2017-12-28,20,-0.4906042218208313,0.25,0.75
2017-12-29,20,-0.5077101498842239,0.25,0.75
2017-12-30,31,-0.4128969023304601,0.2903225806451613,0.7096774193548387
2017-12-31,9,-0.7715572847260369,0.1111111111111111,0.8888888888888888
2018-01-01,30,-0.42975672483444216,0.26666666666666666,0.7333333333333333
2018-01-02,10,-0.7772524178028106,0.1,0.9
2018-01-03,40,-0.48240271508693694,0.25,0.75
2018-01-04,41,-0.31656920473750044,0.34146341463414637,0.6585365853658537
2018-01-05,39,-0.7654277942119501,0.10256410256410256,0.8974358974358975
2018-01-06,38,-0.8698012954310367,0.05263157894736842,0.9473684210526315
2018-01-07,3,-0.8461218476295471,0.0,1.0
2018-01-08,39,-0.6189038707659795,0.1794871794871795,0.8205128205128205
2018-01-09,29,-0.4604072817440691,0.27586206896551724,0.7241379310344828
2018-01-10,28,-0.49700491768973215,0.25,0.75
2018-01-11,37,-0.6108601705448048,0.1891891891891892,0.8108108108108109
2018-01-12,33,-0.6974604527155558,0.15151515151515152,0.8484848484848485
2018-01-13,33,-0.8036453344605186,0.09090909090909091,0.9090909090909091
2018-01-14,27,-0.4461971918741862,0.2962962962962963,0.7037037037037037
2018-01-15,49,-0.4985266498156956,0.24489795918367346,0.7551020408163265
2018-01-16,30,-0.4051780939102173,0.3,0.7
2018-01-17,54,-0.5153048391695376,0.24074074074074073,0.7592592592592593
2018-01-18,40,-0.5475656926631928,0.225,0.775
2018-01-19,36,-0.6455178923077054,0.16666666666666666,0.8333333333333334
2018-01-20,7,-0.39936470133917673,0.2857142857142857,0.7142857142857143
2018-01-21,37,-0.8340895385355562,0.08108108108108109,0.918918918918919
2018-01-22,11,-0.31171441078186035,0.36363636363636365,0.6363636363636364
2018-01-23,45,-0.37138083113564385,0.3111111111111111,0.6888888888888889
2018-01-24,33,-0.5764487692804048,0.21212121212121213,0.7878787878787878
2018-01-25,31,-0.34370736921987227,0.3225806451612903,0.6774193548387096
2018-01-26,40,-0.44565657526254654,0.275,0.725
2018-01-27,40,-0.6764566704630852,0.15,0.85
2018-01-28,40,-0.4852334037423134,0.25,0.75
2018-01-29,33,-0.44008503899429785,0.2727272727272727,0.7272727272727273
2018-01-30,73,-0.5700561028637298,0.2054794520547945,0.7945205479452054
2018-01-31,18,-0.5386587646272447,0.2222222222222222,0.7777777777777778
2018-02-01,36,-0.5171859876977073,0.25,0.75
2018-02-02,80,-0.47552123963832854,0.25,0.75
2018-02-03,35,-0.552257570198604,0.22857142857142856,0.7714285714285715
2018-02-04,28,-0.772521761911256,0.10714285714285714,0.8928571428571429
2018-02-05,35,-0.5454226153237479,0.22857142857142856,0.7714285714285715
2018-02-06,61,-0.6261049919441098,0.18032786885245902,0.819672131147541
2018-02-07,44,-0.646796696565368,0.18181818181818182,0.8181818181818182
2018-02-08,37,-0.511184848643638,0.24324324324324326,0.7567567567567568
2018-02-09,23,-0.7105911296346913,0.13043478260869565,0.8695652173913043
2018-02-10,17,-0.5398080489214729,0.23529411764705882,0.7647058823529411
2018-02-11,33,-0.7317821437662299,0.12121212121212122,0.8787878787878788
2018-02-12,18,-0.42539845572577584,0.2777777777777778,0.7222222222222222
2018-02-13,29,-0.5162349980452965,0.2413793103448276,0.7586206896551724
2018-02-14,40,-0.3264042779803276,0.325,0.675
2018-02-15,19,-0.32829278393795613,0.3157894736842105,0.6842105263157895
2018-02-16,21,-0.504380084219433,0.23809523809523808,0.7619047619047619
2018-02-17,27,-0.5237391458617316,0.2222222222222222,0.7777777777777778
2018-02-18,36,-0.6670484062698152,0.16666666666666666,0.8333333333333334
2018-02-19,49,-0.6633785330519384,0.16326530612244897,0.8367346938775511
2018-02-20,28,-0.46099564858845304,0.2857142857142857,0.7142857142857143
2018-02-21,24,-0.4059676180283229,0.2916666666666667,0.7083333333333334
2018-02-22,36,-0.5495084110233519,0.2222222222222222,0.7777777777777778
2018-02-23,35,-0.48025493792125157,0.2571428571428571,0.7428571428571429
2018-02-24,6,-0.35853954156239826,0.3333333333333333,0.6666666666666666
2018-02-25,35,-0.6539757030350821,0.17142857142857143,0.8285714285714286
2018-02-26,7,-0.1264658910887582,0.42857142857142855,0.5714285714285714
2018-02-27,37,-0.5872159390836149,0.21621621621621623,0.7837837837837838
2018-02-28,28,-0.5940482148102352,0.21428571428571427,0.7857142857142857
2018-03-01,12,-0.18106376131375632,0.4166666666666667,0.5833333333333334
2018-03-02,40,-0.6035614639520646,0.2,0.8
2018-03-03,26,-0.5952460055167859,0.19230769230769232,0.8076923076923077
2018-03-04,14,-0.9631848335266113,0.0,1.0
2018-03-05,41,-0.4808485391663342,0.2682926829268293,0.7317073170731707
2018-03-06,61,-0.5988692006126779,0.19672131147540983,0.8032786885245902
2018-03-07,18,-0.4556131230460273,0.2777777777777778,0.7222222222222222
2018-03-08,33,-0.3441727396213647,0.3333333333333333,0.6666666666666666
2018-03-09,16,-0.5180561579763889,0.25,0.75
2018-03-10,31,-0.4800443303200506,0.25806451612903225,0.7419354838709677
2018-03-11,33,-0.5748278805703828,0.21212121212121213,0.7878787878787878
2018-03-12,14,-0.7231723879064832,0.14285714285714285,0.8571428571428571
2018-03-13,33,-0.8003926277160645,0.09090909090909091,0.9090909090909091
2018-03-14,27,-0.20278628446437694,0.4074074074074074,0.5925925925925926
2018-03-15,23,-0.7160389915756558,0.13043478260869565,0.8695652173913043
2018-03-16,30,-0.6572252770264944,0.16666666666666666,0.8333333333333334
2018-03-17,15,-0.7294255415598552,0.13333333333333333,0.8666666666666667
2018-03-18,35,-0.24018512112753732,0.4,0.6
2018-03-19,48,-0.4472887913386027,0.2708333333333333,0.7291666666666666
2018-03-20,31,-0.5120919289127472,0.25806451612903225,0.7419354838709677
2018-03-21,57,-0.6434019260239183,0.17543859649122806,0.8245614035087719
2018-03-22,27,-0.6818297174241807,0.14814814814814814,0.8518518518518519
2018-03-23,27,-0.4050373103883531,0.2962962962962963,0.7037037037037037
2018-03-24,40,-0.5561061516404152,0.225,0.775
2018-03-25,1,-0.9233075976371765,0.0,1.0
2018-03-26,39,-0.520301559032538,0.23076923076923078,0.7692307692307693
2018-03-27,12,-0.5018604050079981,0.25,0.75
2018-03-28,28,-0.6583380379847118,0.17857142857142858,0.8214285714285714
2018-03-29,23,-0.5599560063818226,0.21739130434782608,0.782608695652174
2018-03-30,17,-0.5112889409065247,0.23529411764705882,0.7647058823529411
2018-03-31,40,-0.4076912119984627,0.3,0.7
2018-04-01,8,-0.9913359358906746,0.0,1.0
2018-04-02,32,-0.5475183669477701,0.21875,0.78125
2018-04-03,25,-0.29185215473175047,0.36,0.64
2018-04-04,15,-0.3365943749745687,0.3333333333333333,0.6666666666666666
2018-04-05,29,-0.6596586909787409,0.1724137931034483,0.8275862068965517
2018-04-06,11,-0.7998781258409674,0.09090909090909091,0.9090909090909091
2018-04-07,29,-0.41132706609265557,0.3103448275862069,0.6896551724137931
2018-04-08,11,-0.9636980891227722,0.0,1.0
2018-04-09,17,-0.5235428634811851,0.23529411764705882,0.7647058823529411
2018-04-10,23,-0.5545335178789885,0.21739130434782608,0.782608695652174
2018-04-11,28,-0.40239688541207996,0.2857142857142857,0.7142857142857143
2018-04-12,12,-0.4978460222482681,0.25,0.75
2018-04-13,47,-0.5696717183640663,0.2127659574468085,0.7872340425531915
2018-04-14,22,-0.36382393403486774,0.3181818181818182,0.6818181818181818
2018-04-15,11,-0.9812156720594927,0.0,1.0
2018-04-16,38,-0.6251480532319922,0.18421052631578946,0.8157894736842105
2018-04-17,42,-0.7089080271266756,0.14285714285714285,0.8571428571428571
2018-04-18,13,-0.4157399764427772,0.3076923076923077,0.6923076923076923
2018-04-19,40,-0.6440759494900703,0.175,0.825
2018-04-20,34,-0.500814718358657,0.23529411764705882,0.7647058823529411
2018-04-21,20,-0.10229787230491638,0.45,0.55
2018-04-22,13,-0.5629376081319956,0.23076923076923078,0.7692307692307693
2018-04-23,58,-0.5327480538138027,0.2413793103448276,0.7586206896551724
2018-04-24,22,-0.9791178107261658,0.0,1.0
2018-04-25,7,-0.4265887566975185,0.2857142857142857,0.7142857142857143
2018-04-26,30,-0.7500449081261953,0.1,0.9
2018-04-27,3,-0.31034308671951294,0.3333333333333333,0.6666666666666666
2018-04-29,1,-0.9989556074142456,0.0,1.0
2018-04-30,20,-0.9710949838161469,0.0,1.0
2018-05-01,21,-0.6244470164889381,0.19047619047619047,0.8095238095238095
2018-05-02,22,-0.4691826078024777,0.2727272727272727,0.7272727272727273
2018-05-03,16,-0.5298574976623058,0.25,0.75
2018-05-07,13,-0.39018382934423596,0.3076923076923077,0.6923076923076923
2018-05-08,18,-0.5296338597933451,0.2222222222222222,0.7777777777777778
2018-05-09,9,-0.7511341306898329,0.1111111111111111,0.8888888888888888
2018-05-11,3,-0.3329622546831767,0.3333333333333333,0.6666666666666666
2018-05-12,11,-0.2942933873696761,0.36363636363636365,0.6363636363636364
2018-05-13,20,-0.9815403789281845,0.0,1.0
2018-05-14,6,-0.0030972957611083984,0.5,0.5
2018-05-16,1,-0.9860278367996216,0.0,1.0
2018-05-17,10,-0.5644888818264008,0.2,0.8
2018-05-18,27,-0.2436470764654654,0.4074074074074074,0.5925925925925926
2018-05-19,2,-0.9798059463500977,0.0,1.0
2018-05-21,10,-0.38828192949295043,0.3,0.7
2018-05-22,27,-0.6530479656325446,0.14814814814814814,0.8518518518518519
2018-05-23,3,-0.8576354384422302,0.0,1.0
2018-05-27,9,-0.11758141385184394,0.4444444444444444,0.5555555555555556
2018-05-28,15,-0.7300168951352437,0.13333333333333333,0.8666666666666667
2018-05-29,16,-0.7270110882818699,0.125,0.875
2018-06-01,2,-0.0036650002002716064,0.5,0.5
2018-06-02,23,-0.46236061790715094,0.2608695652173913,0.7391304347826086
2018-06-03,11,-0.45987121625380084,0.2727272727272727,0.7272727272727273
2018-06-04,4,-0.9642870724201202,0.0,1.0
2018-06-07,2,-0.788088321685791,0.0,1.0
2018-06-08,21,-0.49899723416283015,0.23809523809523808,0.7619047619047619
2018-06-09,17,-0.17285040897481582,0.4117647058823529,0.5882352941176471
2018-06-12,3,0.3330036203066508,0.6666666666666666,0.3333333333333333
2018-06-13,15,-0.5523855408032735,0.2,0.8
2018-06-14,16,-0.6232700757682323,0.1875,0.8125
2018-06-15,28,-0.5590877256223133,0.21428571428571427,0.7857142857142857
2018-06-16,10,-0.19354744553565978,0.4,0.6
2018-06-17,7,-0.3982820766312735,0.2857142857142857,0.7142857142857143
2018-06-18,15,-0.34643190701802573,0.3333333333333333,0.6666666666666666
2018-06-19,23,-0.6181009541387144,0.17391304347826086,0.8260869565217391
2018-06-20,18,-0.8531289431783888,0.05555555555555555,0.9444444444444444
2018-06-21,8,-0.29611391574144363,0.375,0.625
2018-06-22,10,-0.39775981307029723,0.3,0.7
2018-06-23,7,-0.4942759871482849,0.2857142857142857,0.7142857142857143
2018-06-27,18,-0.37396760119332206,0.3333333333333333,0.6666666666666666
2018-06-28,9,-0.9882014724943373,0.0,1.0
2018-06-29,4,-0.962186262011528,0.0,1.0
2018-06-30,8,-0.4945998564362526,0.25,0.75
2018-07-01,1,-0.9996463060379028,0.0,1.0
2018-07-04,10,-0.8175545632839203,0.1,0.9
2018-07-05,21,-0.30723427590869723,0.3333333333333333,0.6666666666666666
2018-07-06,9,-0.56185558769438,0.2222222222222222,0.7777777777777778
2018-07-08,2,-0.991205096244812,0.0,1.0
2018-07-09,11,-0.6090163642709906,0.18181818181818182,0.8181818181818182
2018-07-10,14,-0.5477759412356785,0.21428571428571427,0.7857142857142857
2018-07-11,11,-0.620041852647608,0.18181818181818182,0.8181818181818182
2018-07-12,2,-0.9906089305877686,0.0,1.0
2018-07-14,30,-0.5523534874121349,0.23333333333333334,0.7666666666666667
2018-07-15,10,-0.758582353591919,0.1,0.9
2018-07-17,6,-0.9895743032296499,0.0,1.0
2018-07-18,7,-0.434637793472835,0.2857142857142857,0.7142857142857143
2018-07-19,12,-0.6342739959557852,0.16666666666666666,0.8333333333333334
2018-07-20,7,-0.20826723745891026,0.42857142857142855,0.5714285714285714
2018-07-21,3,-0.9695877830187479,0.0,1.0
2018-07-22,2,-0.8074628114700317,0.0,1.0
2018-07-23,3,-0.3321591416994731,0.3333333333333333,0.6666666666666666
2018-07-27,8,-0.06951554864645004,0.5,0.5
2018-07-28,6,-0.34018173813819885,0.3333333333333333,0.6666666666666666
2018-07-29,10,-0.587478655576706,0.2,0.8
2018-07-30,3,-0.3266604542732239,0.3333333333333333,0.6666666666666666
2018-07-31,9,-0.7497789329952664,0.1111111111111111,0.8888888888888888
2018-08-01,4,-0.49857763946056366,0.25,0.75
2018-08-03,5,-0.2880787134170532,0.4,0.6
2018-08-04,21,-0.26928904794511344,0.38095238095238093,0.6190476190476191
2018-08-05,13,-0.2690326433915358,0.38461538461538464,0.6153846153846154
2018-08-06,1,0.9892871379852295,1.0,0.0
2018-08-08,5,-0.594967532157898,0.2,0.8
2018-08-09,24,-0.6661105006933212,0.16666666666666666,0.8333333333333334
2018-08-10,11,-0.7944572838869962,0.09090909090909091,0.9090909090909091
2018-08-13,24,-0.6384374971191088,0.16666666666666666,0.8333333333333334
2018-08-14,16,-0.6216743439435959,0.1875,0.8125
2018-08-17,4,-0.4884515553712845,0.25,0.75
2018-08-18,18,-0.8474264840284983,0.05555555555555555,0.9444444444444444
2018-08-19,17,-0.5847538078532499,0.17647058823529413,0.8235294117647058
2018-08-20,1,-0.982151985168457,0.0,1.0
2018-08-21,2,-0.9977964758872986,0.0,1.0
2018-08-22,11,-0.6359414891763167,0.18181818181818182,0.8181818181818182
2018-08-23,25,-0.6489564323425293,0.16,0.84
2018-08-24,2,-0.9891874194145203,0.0,1.0
2018-08-26,12,-0.5088933606942495,0.25,0.75
2018-08-27,9,-0.7608499195840623,0.1111111111111111,0.8888888888888888
2018-08-28,18,-0.643964538971583,0.16666666666666666,0.8333333333333334
2018-08-29,1,-0.9997414946556091,0.0,1.0
2018-09-04,8,-0.4900129735469818,0.25,0.75
2018-09-05,3,0.32711901267369586,0.6666666666666666,0.3333333333333333
2018-09-06,26,-0.48906733898016125,0.23076923076923078,0.7692307692307693
2018-09-07,17,-0.6100159042021808,0.17647058823529413,0.8235294117647058
2018-09-08,20,-0.7536808222532272,0.1,0.9
2018-09-09,6,-0.36422204971313477,0.3333333333333333,0.6666666666666666
2018-09-12,19,-0.5996785885409305,0.21052631578947367,0.7894736842105263
2018-09-13,21,-0.6697426551864261,0.14285714285714285,0.8571428571428571
2018-09-15,18,-0.19884463482432896,0.3888888888888889,0.6111111111111112
2018-09-16,22,-0.646708144382997,0.18181818181818182,0.8181818181818182
2018-09-17,4,-0.9932373315095901,0.0,1.0
2018-09-18,26,-0.44996750354766846,0.2692307692307692,0.7307692307692307
2018-09-19,10,-0.5894622385501862,0.2,0.8
2018-09-22,15,-0.3057550072669983,0.3333333333333333,0.6666666666666666
2018-09-23,14,-0.8670899612562997,0.07142857142857142,0.9285714285714286
2018-09-24,11,-0.5942720879207958,0.18181818181818182,0.8181818181818182
2018-09-28,16,-0.3790966533124447,0.3125,0.6875
2018-09-29,35,-0.7685882108552116,0.11428571428571428,0.8857142857142857
2018-09-30,29,-0.4693128672139398,0.27586206896551724,0.7241379310344828
2018-10-03,2,0.00442543625831604,0.5,0.5
2018-10-04,15,-0.8663216670354207,0.06666666666666667,0.9333333333333333
2018-10-05,19,-0.6778087490483334,0.15789473684210525,0.8421052631578947
2018-10-06,7,-0.44694134167262484,0.2857142857142857,0.7142857142857143
2018-10-07,19,-0.866320766900715,0.05263157894736842,0.9473684210526315
2018-10-08,11,-0.7285487706010992,0.09090909090909091,0.9090909090909091
2018-10-09,6,-0.9020378986994425,0.0,1.0
2018-10-10,1,0.999118983745575,1.0,0.0
2018-10-12,6,-0.6644491453965505,0.16666666666666666,0.8333333333333334
2018-10-13,18,-0.7276444799370236,0.1111111111111111,0.8888888888888888
2018-10-14,9,-0.33935319715076023,0.3333333333333333,0.6666666666666666
2018-10-15,7,-0.13265633583068848,0.42857142857142855,0.5714285714285714
2018-10-19,6,-0.6961195468902588,0.16666666666666666,0.8333333333333334
2018-10-20,14,-0.6971656594957624,0.14285714285714285,0.8571428571428571
2018-10-21,15,-0.716219405333201,0.13333333333333333,0.8666666666666667
2018-10-22,5,-0.6308416485786438,0.2,0.8
2018-10-26,16,-0.6523818746209145,0.1875,0.8125
2018-10-27,5,-0.5919063210487365,0.2,0.8
2018-10-28,8,-0.7262003570795059,0.125,0.875
2018-10-29,11,-0.30526815219358966,0.36363636363636365,0.6363636363636364
2018-10-31,1,-0.9995898604393005,0.0,1.0
2018-11-01,25,-0.36581183910369874,0.32,0.68
2018-11-02,10,-0.9788410186767578,0.0,1.0
2018-11-03,4,-0.9856663942337036,0.0,1.0
2018-11-06,2,-0.9960780739784241,0.0,1.0
2018-11-07,7,-0.9218152846608844,0.0,1.0
2018-11-08,14,-0.533185430935451,0.21428571428571427,0.7857142857142857
2018-11-09,16,-0.5125739574432373,0.25,0.75
2018-11-10,1,-0.9995793700218201,0.0,1.0
2018-11-12,6,-0.9890783031781515,0.0,1.0
2018-11-13,12,-0.19431635737419128,0.4166666666666667,0.5833333333333334
2018-11-14,22,-0.45002156496047974,0.2727272727272727,0.7272727272727273
2018-11-18,2,-0.9934401214122772,0.0,1.0
2018-11-19,16,-0.599212858825922,0.1875,0.8125
2018-11-20,18,-0.44641851385434467,0.2777777777777778,0.7222222222222222
2018-11-21,24,-0.6749853864312172,0.16666666666666666,0.8333333333333334
2018-11-22,26,-0.6839909140880291,0.15384615384615385,0.8461538461538461
2018-11-23,16,-0.9896592609584332,0.0,1.0
2018-11-24,12,-0.8141494741042455,0.08333333333333333,0.9166666666666666
2018-11-25,6,-0.37887054681777954,0.3333333333333333,0.6666666666666666
2018-11-28,7,-0.7510279417037964,0.14285714285714285,0.8571428571428571
2018-11-29,17,-0.7465771401629728,0.11764705882352941,0.8823529411764706
2018-11-30,10,-0.9718277871608734,0.0,1.0
2018-12-01,11,-0.2847580476240678,0.36363636363636365,0.6363636363636364
2018-12-02,12,-0.6970542222261429,0.16666666666666666,0.8333333333333334
2018-12-03,20,-0.5782513558864594,0.2,0.8
2018-12-04,15,-0.5871825774510702,0.2,0.8
2018-12-05,9,-0.9964844915601943,0.0,1.0
2018-12-06,18,-0.24731955263349745,0.3888888888888889,0.6111111111111112
2018-12-07,17,-0.2677587586290696,0.35294117647058826,0.6470588235294118
2018-12-08,16,-0.6206497475504875,0.1875,0.8125
2018-12-09,14,-0.8507031542914254,0.07142857142857142,0.9285714285714286
2018-12-10,15,-0.5977848887443542,0.2,0.8
2018-12-11,19,-0.5609934361357438,0.21052631578947367,0.7894736842105263
2018-12-14,10,-0.9430250525474548,0.0,1.0
2018-12-15,15,-0.624250841140747,0.2,0.8
2018-12-16,9,0.28526928027470905,0.6666666666666666,0.3333333333333333
2018-12-17,6,-0.010692288478215536,0.5,0.5
2018-12-18,5,-0.5987669706344605,0.2,0.8
2018-12-19,22,-0.6452114934271033,0.18181818181818182,0.8181818181818182
2018-12-20,13,-0.24794809634868914,0.38461538461538464,0.6153846153846154
2018-12-23,13,-0.07443146980725802,0.46153846153846156,0.5384615384615384
2018-12-24,10,-0.23090200424194335,0.4,0.6
2018-12-25,6,-0.0010052323341369629,0.5,0.5
2018-12-26,3,-0.32988882064819336,0.3333333333333333,0.6666666666666666
2018-12-27,5,-0.9794436573982239,0.0,1.0
2018-12-28,8,-0.49626562744379044,0.25,0.75
2018-12-29,8,-0.4186081737279892,0.25,0.75
2018-12-30,12,-0.8975862314303716,0.0,1.0
2018-12-31,10,-0.9329259634017945,0.0,1.0
2019-01-01,5,0.19370977878570556,0.6,0.4
2019-01-05,3,-0.9242387016614279,0.0,1.0
2019-01-06,11,-0.455441875891252,0.2727272727272727,0.7272727272727273
2019-01-07,7,-0.7255851115499224,0.14285714285714285,0.8571428571428571
2019-01-08,6,-0.3243984381357829,0.3333333333333333,0.6666666666666666
2019-01-09,4,0.4760602116584778,0.75,0.25
2019-01-10,8,-0.48019979149103165,0.25,0.75
2019-01-11,1,-0.998424768447876,0.0,1.0
2019-01-17,2,-0.9989610016345978,0.0,1.0
2019-01-18,6,-0.6399921278158823,0.16666666666666666,0.8333333333333334
2019-01-19,6,-0.33014533917109173,0.3333333333333333,0.6666666666666666
2019-01-20,2,-0.8821916282176971,0.0,1.0
2019-01-21,7,-0.43138234104428974,0.2857142857142857,0.7142857142857143
2019-01-22,8,-0.5012516751885414,0.25,0.75
2019-01-23,9,-0.9801474014918009,0.0,1.0
2019-01-29,5,-0.559062945842743,0.2,0.8
2019-01-30,13,-0.24582968766872698,0.38461538461538464,0.6153846153846154
2019-01-31,10,0.003202962875366211,0.5,0.5
2019-02-01,8,-0.7352692261338234,0.125,0.875
2019-02-02,9,-0.7708550757831998,0.1111111111111111,0.8888888888888888
2019-02-03,6,-0.6575172146161398,0.16666666666666666,0.8333333333333334
2019-02-04,13,-0.37754653508846575,0.3076923076923077,0.6923076923076923
2019-02-05,5,-0.2088576078414917,0.4,0.6
2019-02-06,7,-0.1227165971483503,0.42857142857142855,0.5714285714285714
2019-02-07,2,-0.9549024403095245,0.0,1.0
2019-02-08,7,-0.6955614515713283,0.14285714285714285,0.8571428571428571
2019-02-09,3,-0.9865849812825521,0.0,1.0
2019-02-10,6,-0.9944707453250885,0.0,1.0
2019-02-11,4,-0.9405104517936707,0.0,1.0
2019-02-12,11,-0.2785496874289079,0.36363636363636365,0.6363636363636364
2019-02-13,5,-0.9963588714599609,0.0,1.0
2019-02-14,6,-0.6151884396870931,0.16666666666666666,0.8333333333333334
2019-02-21,1,-0.997972309589386,0.0,1.0
2019-02-22,2,-0.9908549785614014,0.0,1.0
2019-02-23,6,-0.6597162187099457,0.16666666666666666,0.8333333333333334
2019-02-24,5,-0.5715821504592895,0.2,0.8
2019-02-25,2,-0.9871393144130707,0.0,1.0
2019-02-26,2,0.21068432927131653,0.5,0.5
2019-02-27,7,-0.42306214570999146,0.2857142857142857,0.7142857142857143
2019-02-28,6,-0.26610321799914044,0.3333333333333333,0.6666666666666666
2019-03-01,5,-0.5614007353782654,0.2,0.8
2019-03-02,4,-0.9962880909442902,0.0,1.0
2019-03-09,5,-0.5903042435646058,0.2,0.8
2019-03-10,7,-0.14863993440355575,0.42857142857142855,0.5714285714285714
2019-03-11,14,-0.9168604271752494,0.0,1.0
2019-03-12,6,-0.2882847289244334,0.3333333333333333,0.6666666666666666
2019-03-13,4,-0.013593271374702454,0.5,0.5
2019-03-14,3,0.1742629607518514,0.6666666666666666,0.3333333333333333
2019-03-15,1,0.5541269779205322,1.0,0.0
2019-03-22,3,-0.9736010432243347,0.0,1.0
2019-03-23,2,-0.014452069997787476,0.5,0.5
2019-03-24,9,-0.29853666490978664,0.3333333333333333,0.6666666666666666
2019-03-25,8,-0.04093899577856064,0.5,0.5
2019-03-26,7,-0.15559931312288558,0.42857142857142855,0.5714285714285714
2019-03-27,5,-0.5948270440101624,0.2,0.8
2019-03-28,3,-0.15617545445760092,0.3333333333333333,0.6666666666666666
2019-03-29,3,-0.9897887905438741,0.0,1.0
2019-04-08,6,-0.9837597807248434,0.0,1.0
2019-04-09,2,-0.9907145202159882,0.0,1.0
2019-04-10,3,0.30652950207392377,0.6666666666666666,0.3333333333333333
2019-04-11,9,-0.333868940671285,0.3333333333333333,0.6666666666666666
2019-04-12,3,-0.33028443654378253,0.3333333333333333,0.6666666666666666
2019-04-13,6,-0.2671002348264058,0.3333333333333333,0.6666666666666666
2019-04-14,6,-0.30064767599105835,0.3333333333333333,0.6666666666666666
2019-04-15,5,-0.5936596870422364,0.2,0.8
2019-04-20,2,0.9918279051780701,1.0,0.0
2019-04-21,13,-0.4847706464620737,0.23076923076923078,0.7692307692307693
2019-04-22,14,-0.7049737061773028,0.14285714285714285,0.8571428571428571
2019-04-23,5,-0.5888190746307373,0.2,0.8
2019-04-24,6,-0.8991058071454366,0.0,1.0
2019-04-30,3,-0.3769376476605733,0.3333333333333333,0.6666666666666666
2019-05-01,11,-0.6289136409759521,0.18181818181818182,0.8181818181818182
2019-05-02,12,-0.6624686817328135,0.16666666666666666,0.8333333333333334
2019-05-03,11,-0.4309961741620844,0.2727272727272727,0.7272727272727273
2019-05-04,3,0.8713551163673401,1.0,0.0
2019-05-09,1,0.6276727914810181,1.0,0.0
2019-05-10,13,-0.3625417764370258,0.3076923076923077,0.6923076923076923
2019-05-11,6,-0.938477357228597,0.0,1.0
2019-05-12,5,-0.5663201093673706,0.2,0.8
2019-05-13,14,-0.4655230385916574,0.2857142857142857,0.7142857142857143
2019-05-14,1,0.999160647392273,1.0,0.0
2019-05-15,1,-0.9906142950057983,0.0,1.0
2019-05-16,12,-0.6609611610571543,0.16666666666666666,0.8333333333333334
2019-05-17,5,-0.5967417240142823,0.2,0.8
2019-05-18,7,-0.3970486266272409,0.2857142857142857,0.7142857142857143
2019-05-19,6,-0.9576862255732218,0.0,1.0
2019-05-20,9,-0.3319520089361403,0.3333333333333333,0.6666666666666666
2019-05-23,5,-0.15404142141342164,0.4,0.6
2019-05-24,8,-0.032112643122673035,0.5,0.5
2019-05-25,5,-0.6009323239326477,0.2,0.8
2019-05-26,6,-0.9028357863426208,0.0,1.0
2019-05-27,5,-0.9163145303726197,0.0,1.0
2019-05-28,11,-0.42876305363394995,0.2727272727272727,0.7272727272727273
2019-06-01,4,-0.9915736615657806,0.0,1.0
2019-06-02,9,-0.7443267835511101,0.1111111111111111,0.8888888888888888
2019-06-03,8,-0.7413261532783508,0.125,0.875
2019-06-04,11,-0.8072551543062384,0.09090909090909091,0.9090909090909091
2019-06-05,8,-0.704666331410408,0.125,0.875
2019-06-06,9,-0.771628823545244,0.1111111111111111,0.8888888888888888
2019-06-07,4,-0.4889013320207596,0.25,0.75
2019-06-08,11,-0.46510158343748614,0.2727272727272727,0.7272727272727273
2019-06-09,5,0.20961642265319824,0.6,0.4
2019-06-10,6,-0.9540232320626577,0.0,1.0
2019-06-11,5,-0.996091115474701,0.0,1.0
2019-06-15,5,-0.6987975478172302,0.2,0.8
2019-06-16,7,-0.9815839103290013,0.0,1.0
2019-06-17,10,-0.5698379337787628,0.2,0.8
2019-06-18,10,-0.1776021182537079,0.4,0.6
2019-06-19,8,-0.9731334373354912,0.0,1.0
2019-06-23,6,-0.6603717803955078,0.16666666666666666,0.8333333333333334
2019-06-24,6,-0.9906613528728485,0.0,1.0
2019-06-25,13,-0.6837831093714788,0.15384615384615385,0.8461538461538461
2019-06-26,6,-0.32437405983606976,0.3333333333333333,0.6666666666666666
2019-06-27,12,-0.5087569802999496,0.25,0.75
2019-06-28,10,-0.40057563185691836,0.3,0.7
2019-06-29,4,-0.8878006786108017,0.0,1.0
2019-06-30,3,-0.2856643001238505,0.3333333333333333,0.6666666666666666
2019-07-01,8,-0.7516513392329216,0.125,0.875
2019-07-02,11,-0.25376812436363916,0.36363636363636365,0.6363636363636364
2019-07-03,9,-0.7624512645933363,0.1111111111111111,0.8888888888888888
2019-07-04,3,-0.9739741683006287,0.0,1.0
2019-07-05,10,-0.621360057592392,0.2,0.8
2019-07-06,9,-0.5437606440650092,0.2222222222222222,0.7777777777777778
2019-07-07,7,-0.16254585129874094,0.42857142857142855,0.5714285714285714
2019-07-08,3,-0.3531237840652466,0.3333333333333333,0.6666666666666666
2019-07-14,6,-0.22797929247220358,0.3333333333333333,0.6666666666666666
2019-07-15,6,-0.33417798082033795,0.3333333333333333,0.6666666666666666
2019-07-16,9,-0.329452998108334,0.3333333333333333,0.6666666666666666
2019-07-17,8,-0.48455599695444107,0.25,0.75
2019-07-18,9,0.053838531176249184,0.5555555555555556,0.4444444444444444
2019-07-19,2,-0.9294095635414124,0.0,1.0
2019-07-24,5,-0.601213800907135,0.2,0.8
2019-07-25,5,-0.6275362491607666,0.2,0.8
2019-07-26,12,-0.49582986036936444,0.25,0.75
2019-07-27,8,-0.4870302826166153,0.25,0.75
2019-07-28,14,-0.7811244215284076,0.07142857142857142,0.9285714285714286
2019-07-29,10,-0.9898239076137543,0.0,1.0
2019-07-30,9,-0.5867040091090732,0.2222222222222222,0.7777777777777778
2019-07-31,5,-0.2681632161140442,0.4,0.6
2019-08-01,12,-0.6419665714104971,0.16666666666666666,0.8333333333333334
2019-08-07,6,-0.037389675776163735,0.5,0.5
2019-08-08,2,0.7667500078678131,1.0,0.0
2019-08-09,7,-0.36407300404139925,0.2857142857142857,0.7142857142857143
2019-08-10,3,-0.33699456850687665,0.3333333333333333,0.6666666666666666
2019-08-11,11,-0.638864896514199,0.18181818181818182,0.8181818181818182
2019-08-12,2,0.0004068911075592041,0.5,0.5
2019-08-13,9,-0.5550192462073432,0.2222222222222222,0.7777777777777778
2019-08-21,2,-0.11408007144927979,0.5,0.5
2019-08-22,8,-0.986956998705864,0.0,1.0
2019-08-23,4,-0.12884992361068726,0.5,0.5
2019-08-25,5,-0.5976952075958252,0.2,0.8
2019-08-26,7,-0.9848533272743225,0.0,1.0
2019-08-27,5,-0.9866424679756165,0.0,1.0
2019-08-28,6,-0.6530696948369344,0.16666666666666666,0.8333333333333334
2019-08-29,3,-0.3072994550069173,0.3333333333333333,0.6666666666666666
2019-09-07,5,-0.1544286012649536,0.4,0.6
2019-09-08,2,-0.08841609954833984,0.5,0.5
2019-09-09,3,-0.9910161892573038,0.0,1.0
2019-09-10,1,0.9958528280258179,1.0,0.0
2019-09-11,9,-0.5130182637108697,0.2222222222222222,0.7777777777777778
2019-09-12,3,-0.35415605703989667,0.3333333333333333,0.6666666666666666
2019-09-13,9,-0.5458278391096327,0.2222222222222222,0.7777777777777778
2019-09-14,7,-0.14704822642462595,0.42857142857142855,0.5714285714285714
2019-09-15,5,-0.9912661790847779,0.0,1.0
2019-09-16,11,-0.6105935681949962,0.18181818181818182,0.8181818181818182
2019-09-17,5,-0.5372117280960083,0.2,0.8
2019-09-18,4,-0.6188301146030426,0.25,0.75
2019-09-19,6,-0.6609018842379252,0.16666666666666666,0.8333333333333334
2019-09-20,8,-0.7411492019891739,0.125,0.875
2019-09-21,2,-0.9939289689064026,0.0,1.0
2019-09-29,7,-0.23788082599639893,0.42857142857142855,0.5714285714285714
2019-09-30,10,-0.2171108067035675,0.4,0.6
2019-10-01,9,-0.7047932280434502,0.1111111111111111,0.8888888888888888
2019-10-02,11,-0.7635097015987743,0.09090909090909091,0.9090909090909091
2019-10-03,3,-0.9932317137718201,0.0,1.0
2019-10-15,4,-0.40777622163295746,0.25,0.75
2019-10-16,6,-0.6665117045243582,0.16666666666666666,0.8333333333333334
2019-10-17,16,-0.7256691828370094,0.125,0.875
2019-10-18,14,-0.45342984795570374,0.2857142857142857,0.7142857142857143
2019-10-21,6,-0.8582810958226522,0.0,1.0
2019-10-22,11,-0.44372739033265546,0.2727272727272727,0.7272727272727273
2019-10-23,12,0.13751721382141113,0.5833333333333334,0.4166666666666667
2019-10-24,8,-0.9526369571685791,0.0,1.0
2019-10-25,3,-0.9841804901758829,0.0,1.0
2019-10-29,5,-0.20477802753448487,0.4,0.6
2019-10-30,16,-0.7309697866439819,0.125,0.875
2019-10-31,18,-0.270014183388816,0.3888888888888889,0.6111111111111112
2019-11-01,11,-0.8095897273583845,0.09090909090909091,0.9090909090909091
2019-11-02,7,-0.6688694953918457,0.14285714285714285,0.8571428571428571
2019-11-03,10,-0.3674806416034698,0.3,0.7
2019-11-04,11,-0.7885728044943376,0.09090909090909091,0.9090909090909091
2019-11-05,2,-0.008359432220458984,0.5,0.5
2019-11-07,4,-0.9979580938816071,0.0,1.0
2019-11-08,9,-0.5483543939060636,0.2222222222222222,0.7777777777777778
2019-11-09,4,-0.5203439742326736,0.25,0.75
2019-11-10,3,-0.7878813743591309,0.0,1.0
2019-11-11,3,0.33483296632766724,0.6666666666666666,0.3333333333333333
2019-11-12,9,-0.6509310603141785,0.2222222222222222,0.7777777777777778
2019-11-13,6,-0.32978349924087524,0.3333333333333333,0.6666666666666666
2019-11-14,2,-0.0117398202419281,0.5,0.5
2019-11-19,9,-0.1555235187212626,0.4444444444444444,0.5555555555555556
2019-11-20,15,-0.8249258995056152,0.06666666666666667,0.9333333333333333
2019-11-21,10,-0.5403193771839142,0.2,0.8
2019-11-22,6,-0.3863702416419983,0.3333333333333333,0.6666666666666666
2019-11-27,6,-0.6688121060530344,0.16666666666666666,0.8333333333333334
2019-11-28,12,-0.34592318038145703,0.3333333333333333,0.6666666666666666
2019-11-29,1,0.9957535266876221,1.0,0.0
2019-11-30,7,-0.17411564929144724,0.42857142857142855,0.5714285714285714
2019-12-01,9,-0.3232123851776123,0.3333333333333333,0.6666666666666666
2019-12-02,5,-0.5819682836532593,0.2,0.8
2019-12-07,4,-0.9392243474721909,0.0,1.0
2019-12-08,3,0.31619922320048016,0.6666666666666666,0.3333333333333333
2019-12-09,11,-0.2801418196071278,0.36363636363636365,0.6363636363636364
2019-12-10,11,-0.6124621358784762,0.18181818181818182,0.8181818181818182
2019-12-11,5,-0.5482472777366638,0.2,0.8
2019-12-12,2,-0.9937741458415985,0.0,1.0
2019-12-13,2,-0.9051728248596191,0.0,1.0
2019-12-14,2,-0.9869707822799683,0.0,1.0
2019-12-23,3,-0.3182131250699361,0.3333333333333333,0.6666666666666666
2019-12-24,9,-0.5547703637017144,0.2222222222222222,0.7777777777777778
2019-12-25,10,-0.5958707928657532,0.2,0.8
2019-12-26,18,-0.5611278911431631,0.2222222222222222,0.7777777777777778
2019-12-31,3,-0.9641049901644388,0.0,1.0
2020-01-01,13,-0.6899419335218576,0.15384615384615385,0.8461538461538461
2020-01-02,12,-0.3238569051027298,0.3333333333333333,0.6666666666666666
2020-01-03,9,-0.12552564011679757,0.4444444444444444,0.5555555555555556
2020-01-04,3,0.2160177230834961,0.6666666666666666,0.3333333333333333
2020-01-10,1,-0.9974809288978577,0.0,1.0
2020-01-11,6,-0.9634378254413605,0.0,1.0
2020-01-12,4,-0.4998469203710556,0.25,0.75
2020-01-13,9,-0.3419717682732476,0.3333333333333333,0.6666666666666666
2020-01-14,6,-0.6637040277322134,0.16666666666666666,0.8333333333333334
2020-01-15,7,-0.696596792766026,0.14285714285714285,0.8571428571428571
2020-01-16,7,-0.09262468133653913,0.42857142857142855,0.5714285714285714
2020-01-22,2,0.0005346238613128662,0.5,0.5
2020-01-23,9,-0.7707428601053026,0.1111111111111111,0.8888888888888888
2020-01-24,9,-0.5199592510859171,0.2222222222222222,0.7777777777777778
2020-01-25,3,-0.9988101323445638,0.0,1.0
2020-01-26,3,-0.3423553903897603,0.3333333333333333,0.6666666666666666
2020-01-27,12,-0.18062680462996164,0.4166666666666667,0.5833333333333334
2020-01-28,17,-0.5286279741455527,0.23529411764705882,0.7647058823529411
2020-01-29,7,-0.6836277501923698,0.14285714285714285,0.8571428571428571
2020-01-30,11,-0.4631800651550293,0.2727272727272727,0.7272727272727273
2020-01-31,7,-0.6660911100251334,0.14285714285714285,0.8571428571428571
2020-02-06,10,-0.972903949022293,0.0,1.0
2020-02-07,2,-0.9806278347969055,0.0,1.0
2020-02-08,3,0.2709092100461324,0.6666666666666666,0.3333333333333333
2020-02-09,4,-0.9949081838130951,0.0,1.0
2020-02-10,7,-0.175032411302839,0.42857142857142855,0.5714285714285714
2020-02-11,6,-0.9353544811407725,0.0,1.0
2020-02-12,6,-0.966314454873403,0.0,1.0
2020-02-13,2,-0.07851165533065796,0.5,0.5
2020-02-21,1,-0.9989411234855652,0.0,1.0
2020-02-22,7,-0.7235698189054217,0.14285714285714285,0.8571428571428571
2020-02-23,6,-0.6566366751988729,0.16666666666666666,0.8333333333333334
2020-02-24,4,-0.9980442672967911,0.0,1.0
2020-02-25,4,-0.5316775739192963,0.25,0.75
2020-02-26,1,-0.9837790131568909,0.0,1.0
2020-02-27,6,-0.6215896904468536,0.16666666666666666,0.8333333333333334
2020-02-29,2,-0.9988636672496796,0.0,1.0
2020-03-01,2,-0.01765650510787964,0.5,0.5
2020-03-02,2,-0.9990727603435516,0.0,1.0
2020-03-03,4,-0.45498593151569366,0.25,0.75
2020-03-04,1,-0.9927775859832764,0.0,1.0
2020-03-12,7,-0.33052968978881836,0.2857142857142857,0.7142857142857143
2020-03-13,7,-0.5436918139457703,0.2857142857142857,0.7142857142857143
2020-03-14,2,-0.10430163145065308,0.5,0.5
2020-03-15,4,-0.9799123555421829,0.0,1.0
2020-03-16,9,-0.5417774518330892,0.2222222222222222,0.7777777777777778
2020-03-17,5,-0.8839563608169556,0.0,1.0
2020-03-18,2,0.12163230776786804,0.5,0.5
2020-03-20,1,-0.9958146214485168,0.0,1.0
2020-03-21,2,-0.9985103011131287,0.0,1.0
2020-03-23,1,-0.9716476202011108,0.0,1.0
2020-04-01,1,-0.986697256565094,0.0,1.0
2020-04-02,4,-0.02793729305267334,0.5,0.5
2020-04-03,2,-0.9159263074398041,0.0,1.0
2020-04-04,4,-0.9958516210317612,0.0,1.0
2020-04-05,2,-0.16665348410606384,0.5,0.5
2020-04-06,3,-0.3332167863845825,0.3333333333333333,0.6666666666666666
2020-04-08,6,-0.9740995566050211,0.0,1.0
2020-04-09,3,-0.997100830078125,0.0,1.0
2020-04-10,3,-0.31089123090108234,0.3333333333333333,0.6666666666666666
2020-04-11,7,-0.6961673923901149,0.14285714285714285,0.8571428571428571
2020-04-12,5,-0.20825351476669313,0.4,0.6
2020-04-19,7,-0.6036360604422433,0.14285714285714285,0.8571428571428571
2020-04-20,22,-0.1965367631478743,0.4090909090909091,0.5909090909090909
2020-04-21,11,-0.13265082511034879,0.45454545454545453,0.5454545454545454
2020-04-28,2,-0.044744133949279785,0.5,0.5
2020-04-29,6,-0.6880466341972351,0.16666666666666666,0.8333333333333334
2020-04-30,8,-0.2527744472026825,0.375,0.625
2020-05-01,3,-0.9921355247497559,0.0,1.0
2020-05-02,3,-0.3301645716031392,0.3333333333333333,0.6666666666666666
2020-05-03,9,-0.7816343969768949,0.1111111111111111,0.8888888888888888
2020-05-04,6,-0.3374609152475993,0.3333333333333333,0.6666666666666666
2020-05-05,3,0.3200544516245524,0.6666666666666666,0.3333333333333333
2020-05-11,8,-0.5012302100658417,0.25,0.75
2020-05-12,11,-0.46139543706720526,0.2727272727272727,0.7272727272727273
2020-05-13,4,-0.9634863436222076,0.0,1.0
2020-05-14,7,-0.7410579919815063,0.14285714285714285,0.8571428571428571
2020-05-15,10,-0.38597446084022524,0.3,0.7
2020-05-20,11,-0.710818740454587,0.09090909090909091,0.9090909090909091
2020-05-21,7,-0.39543440512248446,0.2857142857142857,0.7142857142857143
2020-05-22,9,-0.3068732155693902,0.3333333333333333,0.6666666666666666
2020-05-23,8,-0.4790569618344307,0.25,0.75
2020-05-24,5,-0.5881455421447754,0.2,0.8
2020-05-29,2,0.016749322414398193,0.5,0.5
2020-05-30,5,-0.9940581679344177,0.0,1.0
2020-05-31,3,-0.8996717929840088,0.0,1.0
2020-06-01,2,-0.012142598628997803,0.5,0.5
2020-06-02,7,-0.4312922954559326,0.2857142857142857,0.7142857142857143
2020-06-03,6,-0.673386683066686,0.16666666666666666,0.8333333333333334
2020-06-04,6,-0.6942164202531179,0.16666666666666666,0.8333333333333334
2020-06-05,8,-0.30262816697359085,0.375,0.625
2020-06-06,1,-0.9583819508552551,0.0,1.0
2020-06-10,12,0.1364408085743586,0.5833333333333334,0.4166666666666667
2020-06-11,3,-0.9991517066955566,0.0,1.0
2020-06-12,8,-0.49399520456790924,0.25,0.75
2020-06-13,2,0.00773194432258606,0.5,0.5
2020-06-14,4,-0.4957312047481537,0.25,0.75
2020-06-15,6,-0.6434395809968313,0.16666666666666666,0.8333333333333334
2020-06-16,3,-0.9640993078549703,0.0,1.0
2020-06-17,2,0.00018101930618286133,0.5,0.5
2020-06-24,6,-0.3013533055782318,0.3333333333333333,0.6666666666666666
2020-06-25,5,-0.4781820297241211,0.2,0.8
2020-06-26,5,-0.5565847754478455,0.2,0.8
2020-06-27,4,0.003109380602836609,0.5,0.5
2020-06-28,8,-0.2712901085615158,0.375,0.625
2020-06-29,5,-0.9415629267692566,0.0,1.0
2020-06-30,2,-0.9924862682819366,0.0,1.0
2020-07-01,8,-0.6918715536594391,0.125,0.875
2020-07-02,6,-0.6658630073070526,0.16666666666666666,0.8333333333333334
2020-07-03,6,-0.9763094584147135,0.0,1.0
2020-07-04,2,-0.033380717039108276,0.5,0.5
2020-07-05,3,0.31736087799072266,0.6666666666666666,0.3333333333333333
2020-07-06,2,-0.9909513890743256,0.0,1.0
2020-07-07,9,-0.9963511029879252,0.0,1.0
2020-07-08,6,-0.31481791536013287,0.3333333333333333,0.6666666666666666
2020-07-09,3,-0.9944905042648315,0.0,1.0
2020-07-20,4,0.016200974583625793,0.5,0.5
2020-07-21,2,-0.02698969841003418,0.5,0.5
2020-07-22,7,-0.43705427646636963,0.2857142857142857,0.7142857142857143
2020-07-23,4,-0.48830646276474,0.25,0.75
2020-07-24,6,-0.6411177317301432,0.16666666666666666,0.8333333333333334
2020-07-25,4,-0.0013305097818374634,0.5,0.5
2020-07-26,8,-0.20287857204675674,0.375,0.625
2020-07-27,2,-0.9983411729335785,0.0,1.0
2020-07-28,3,-0.9621671040852865,0.0,1.0
2020-08-19,1,-0.7817730903625488,0.0,1.0
2020-08-20,4,-0.013387441635131836,0.5,0.5
2020-08-21,5,-0.9630159735679626,0.0,1.0
2020-08-24,2,-0.7706072330474854,0.0,1.0
2020-08-25,6,-0.6601779659589132,0.16666666666666666,0.8333333333333334
2020-08-26,3,0.3304607669512431,0.6666666666666666,0.3333333333333333
2020-08-27,8,-0.6867116838693619,0.125,0.875
2020-08-28,2,-0.9964747726917267,0.0,1.0
2020-08-29,6,-0.976197769244512,0.0,1.0
2020-08-30,2,-0.9492086470127106,0.0,1.0
2020-08-31,3,-0.9687842726707458,0.0,1.0
2020-09-01,7,-0.42871066502162386,0.2857142857142857,0.7142857142857143
2020-09-02,6,-0.6438783407211304,0.16666666666666666,0.8333333333333334
2020-09-03,6,-0.964251716931661,0.0,1.0
2020-09-04,2,0.011438220739364624,0.5,0.5
2020-09-05,5,-0.5926407814025879,0.2,0.8
2020-09-06,3,-0.9858813484509786,0.0,1.0
2020-09-07,4,-0.4945225715637207,0.25,0.75
2020-09-08,5,-0.992009449005127,0.0,1.0
2020-09-12,3,-0.8270329833030701,0.0,1.0
2020-09-13,12,-0.6572625289360682,0.16666666666666666,0.8333333333333334
2020-09-14,24,-0.5934363280733427,0.20833333333333334,0.7916666666666666
2020-09-15,14,-0.5601879187992641,0.21428571428571427,0.7857142857142857
2020-09-16,6,-0.6481348077456156,0.16666666666666666,0.8333333333333334
2020-09-17,7,-0.14610980238233293,0.42857142857142855,0.5714285714285714
2020-09-18,3,-0.33265185356140137,0.3333333333333333,0.6666666666666666
2020-09-19,6,-0.3256502052148183,0.3333333333333333,0.6666666666666666
2020-09-20,5,-0.9576598048210144,0.0,1.0
2020-09-25,3,-0.9792495568593343,0.0,1.0
2020-09-26,7,-0.9331803151539394,0.0,1.0
2020-09-27,4,-0.5020757466554642,0.25,0.75
2020-09-28,7,-0.4306614739554269,0.2857142857142857,0.7142857142857143
2020-09-29,9,-0.5051148467593722,0.2222222222222222,0.7777777777777778
2020-09-30,7,-0.9230194176946368,0.0,1.0
2020-10-01,2,-0.006734371185302734,0.5,0.5
2020-10-02,9,-0.36528415150112575,0.3333333333333333,0.6666666666666666
2020-10-03,5,-0.6017773866653442,0.2,0.8
2020-10-04,2,-0.9953572750091553,0.0,1.0
2020-10-05,5,-0.5923988580703735,0.2,0.8
2020-10-06,11,-0.4512639479203658,0.2727272727272727,0.7272727272727273
2020-10-07,3,0.30177462100982666,0.6666666666666666,0.3333333333333333
2020-10-08,6,-0.9903197586536407,0.0,1.0
2020-10-16,3,-0.7787421345710754,0.0,1.0
2020-10-17,7,-0.9795708571161542,0.0,1.0
2020-10-18,5,0.0913737416267395,0.6,0.4
2020-10-19,10,-0.603537529706955,0.2,0.8
2020-10-20,3,-0.32227079073588055,0.3333333333333333,0.6666666666666666
2020-10-21,9,-0.775459885597229,0.1111111111111111,0.8888888888888888
2020-10-22,7,-0.9862036194120135,0.0,1.0
2020-10-23,9,-0.18017792701721191,0.4444444444444444,0.5555555555555556
2020-10-24,7,-0.71243645463671,0.14285714285714285,0.8571428571428571
2020-10-25,5,-0.9588647246360779,0.0,1.0
2020-10-26,3,-0.3364313046137492,0.3333333333333333,0.6666666666666666
2020-10-27,8,-0.7524885013699532,0.125,0.875
2020-10-28,4,-0.9858360588550568,0.0,1.0
2020-11-03,9,-0.36931508117251927,0.3333333333333333,0.6666666666666666
2020-11-04,8,-0.929710291326046,0.0,1.0
2020-11-05,7,-0.9368258884974888,0.0,1.0
2020-11-06,9,-0.35863616069157916,0.3333333333333333,0.6666666666666666
2020-11-07,5,-0.5883341431617737,0.2,0.8
2020-11-08,2,-0.9990037083625793,0.0,1.0
2020-11-13,6,-0.3258376618226369,0.3333333333333333,0.6666666666666666
2020-11-14,4,-0.9463005661964417,0.0,1.0
2020-11-15,9,-0.5278648601637946,0.2222222222222222,0.7777777777777778
2020-11-16,19,-0.3744395720331292,0.3157894736842105,0.6842105263157895
2020-11-17,2,0.026301652193069458,0.5,0.5
2020-11-21,6,-0.9156718452771505,0.0,1.0
2020-11-22,8,-0.4658981263637543,0.25,0.75
2020-11-23,7,-0.42486464977264404,0.2857142857142857,0.7142857142857143
2020-11-24,8,-0.9977970942854881,0.0,1.0
2020-11-25,11,-0.2716653184457259,0.36363636363636365,0.6363636363636364
2020-12-01,3,-0.19321717818578085,0.3333333333333333,0.6666666666666666
2020-12-02,4,-0.9821157157421112,0.0,1.0
2020-12-03,2,-0.8710171580314636,0.0,1.0
2020-12-04,9,-0.3512498405244615,0.3333333333333333,0.6666666666666666
2020-12-05,3,-0.9941323200861613,0.0,1.0
2020-12-06,11,-0.4998710426417264,0.2727272727272727,0.7272727272727273
2020-12-07,5,-0.991541588306427,0.0,1.0
2020-12-08,5,-0.996469521522522,0.0,1.0
2020-12-09,13,-0.4986957357479976,0.23076923076923078,0.7692307692307693
2020-12-10,12,-0.6893030305703481,0.16666666666666666,0.8333333333333334
2020-12-11,4,-0.9865670949220657,0.0,1.0
2020-12-12,9,-0.7738377385669284,0.1111111111111111,0.8888888888888888
2020-12-15,5,0.12451798915863037,0.6,0.4
2020-12-16,29,-0.29725247621536255,0.3448275862068966,0.6551724137931034
2020-12-17,20,-0.5856304347515107,0.2,0.8
2020-12-18,23,-0.4706977787225143,0.2608695652173913,0.7391304347826086
2020-12-19,3,-0.3303188880284627,0.3333333333333333,0.6666666666666666
2020-12-21,12,-0.6443855861822764,0.16666666666666666,0.8333333333333334
2020-12-22,17,-0.46341673065634337,0.23529411764705882,0.7647058823529411
2020-12-23,11,-0.14430918476798318,0.45454545454545453,0.5454545454545454
2020-12-26,4,-0.5007704645395279,0.25,0.75
2020-12-27,14,-0.8181278152125222,0.07142857142857142,0.9285714285714286
2020-12-28,14,-0.7875470689364842,0.07142857142857142,0.9285714285714286
2020-12-29,8,-0.06709417700767517,0.5,0.5
2021-01-03,14,-0.4131756808076586,0.2857142857142857,0.7142857142857143
2021-01-04,16,-0.7408253066241741,0.125,0.875
2021-01-05,10,-0.4295803904533386,0.3,0.7
2021-01-08,13,-0.6830869546303382,0.15384615384615385,0.8461538461538461
2021-01-09,10,-0.6200840055942536,0.2,0.8
2021-01-10,8,-0.7514669522643089,0.125,0.875
2021-01-11,8,-0.7678149789571762,0.125,0.875
2021-01-12,13,-0.24768148018763617,0.38461538461538464,0.6153846153846154
2021-01-13,10,-0.5993458688259125,0.2,0.8
2021-01-14,11,-0.6243924227627841,0.18181818181818182,0.8181818181818182
2021-01-15,7,-0.4301886899130685,0.2857142857142857,0.7142857142857143
2021-01-18,3,-0.9948671658833822,0.0,1.0
2021-01-19,12,-0.803723673025767,0.08333333333333333,0.9166666666666666
2021-01-20,7,-0.42357139928000315,0.2857142857142857,0.7142857142857143
2021-01-21,12,-0.7917898346980413,0.08333333333333333,0.9166666666666666
2021-01-22,6,-0.9114305873711904,0.0,1.0
2021-01-26,3,-0.9878857731819153,0.0,1.0
2021-01-27,9,-0.9647735953330994,0.0,1.0
2021-01-28,11,-0.8077316121621565,0.09090909090909091,0.9090909090909091
2021-01-29,14,-0.5481031664780208,0.21428571428571427,0.7857142857142857
2021-01-30,10,-0.7689864814281464,0.1,0.9
2021-01-31,7,-0.4017164707183838,0.2857142857142857,0.7142857142857143
2021-02-01,10,-0.5879526257514953,0.2,0.8
2021-02-02,5,-0.5938155055046082,0.2,0.8
2021-02-03,3,-0.975849986076355,0.0,1.0
2021-02-04,5,-0.5911587119102478,0.2,0.8
2021-02-05,3,-0.9737150470415751,0.0,1.0
2021-02-12,11,-0.8158929347991943,0.09090909090909091,0.9090909090909091
2021-02-13,9,-0.5590823557641771,0.2222222222222222,0.7777777777777778
2021-02-14,7,-0.9908819879804339,0.0,1.0
2021-02-15,8,-0.6948554068803787,0.125,0.875
2021-02-16,5,-0.5987488269805908,0.2,0.8
2021-02-20,3,-0.33859769503275555,0.3333333333333333,0.6666666666666666
2021-02-21,16,-0.6189793646335602,0.1875,0.8125
2021-02-22,10,-0.7818349421024322,0.1,0.9
2021-02-23,5,-0.6757032394409179,0.2,0.8
2021-02-24,6,-0.7172990838686625,0.16666666666666666,0.8333333333333334
2021-03-01,3,0.34957683086395264,0.6666666666666666,0.3333333333333333
2021-03-02,9,-0.3325183656480577,0.3333333333333333,0.6666666666666666
2021-03-03,3,-0.9908716082572937,0.0,1.0
2021-03-04,3,-0.9839048584302267,0.0,1.0
2021-03-05,10,-0.2199232518672943,0.4,0.6
2021-03-06,6,-0.3571126659711202,0.3333333333333333,0.6666666666666666
2021-03-07,7,-0.9879306384495327,0.0,1.0
2021-03-08,3,-0.33083746830622357,0.3333333333333333,0.6666666666666666
2021-03-09,6,-0.9960829118887583,0.0,1.0
2021-03-10,6,-0.1309644083182017,0.5,0.5
2021-03-11,6,-0.9187809924284617,0.0,1.0
2021-03-12,3,-0.9281967878341675,0.0,1.0
2021-03-13,8,-0.4935029521584511,0.25,0.75
2021-03-14,4,-0.9970833212137222,0.0,1.0
2021-03-15,3,-0.3432800769805908,0.3333333333333333,0.6666666666666666
2021-03-22,4,-0.45473523437976837,0.25,0.75
2021-03-23,5,-0.5672147393226623,0.2,0.8
2021-03-24,9,0.05967390537261963,0.5555555555555556,0.4444444444444444
2021-03-25,10,-0.008148348331451416,0.5,0.5
2021-03-26,9,-0.911320275730557,0.0,1.0
2021-03-27,3,-0.9866924087206522,0.0,1.0
2021-04-03,2,-0.9932317137718201,0.0,1.0
2021-04-04,5,-0.19365955591201783,0.4,0.6
2021-04-05,9,-0.5476634502410889,0.2222222222222222,0.7777777777777778
2021-04-06,8,-0.47688085585832596,0.25,0.75
2021-04-07,4,-0.98660708963871,0.0,1.0
2021-04-08,8,-0.7444681599736214,0.125,0.875
2021-04-09,8,-0.6816045939922333,0.125,0.875
2021-04-10,6,-0.9944480260213217,0.0,1.0
2021-04-11,7,-0.702611335686275,0.14285714285714285,0.8571428571428571
2021-04-12,8,-0.7040121257305145,0.125,0.875
2021-04-13,9,-0.07715897427664863,0.4444444444444444,0.5555555555555556
2021-04-14,4,0.45002424716949463,0.75,0.25
2021-04-15,2,-0.9439394176006317,0.0,1.0
2021-04-19,1,0.9812396764755249,1.0,0.0
2021-04-20,10,-0.783970731496811,0.1,0.9
2021-04-21,10,-0.7608956098556519,0.1,0.9
2021-04-22,12,-0.3324802915255229,0.3333333333333333,0.6666666666666666
2021-04-23,9,-0.5188280873828464,0.2222222222222222,0.7777777777777778
2021-04-24,5,-0.9613774657249451,0.0,1.0
2021-04-25,9,-0.5559278594122993,0.2222222222222222,0.7777777777777778
2021-04-26,13,-0.8046075793413016,0.07692307692307693,0.9230769230769231
2021-04-27,17,-0.6449224107405719,0.17647058823529413,0.8235294117647058
2021-04-28,5,-0.530189859867096,0.2,0.8
2021-04-29,7,-0.6737692185810634,0.14285714285714285,0.8571428571428571
2021-04-30,10,-0.5997581064701081,0.2,0.8
2021-05-01,6,-0.4381511112054189,0.3333333333333333,0.6666666666666666
2021-05-02,3,-0.9067442814509074,0.0,1.0
2021-05-04,7,-0.12079801729747228,0.42857142857142855,0.5714285714285714
2021-05-05,3,-0.9777504404385885,0.0,1.0
2021-05-06,4,-0.4969557523727417,0.25,0.75
2021-05-07,8,-0.717500850558281,0.125,0.875
2021-05-08,5,-0.17413302659988403,0.4,0.6
2021-05-09,11,-0.5759782140905206,0.18181818181818182,0.8181818181818182
2021-05-10,5,-0.5919736981391907,0.2,0.8
2021-05-16,6,-0.33099647363026935,0.3333333333333333,0.6666666666666666
2021-05-17,14,-0.5984521550791604,0.21428571428571427,0.7857142857142857
2021-05-18,13,-0.7079546038921063,0.15384615384615385,0.8461538461538461
2021-05-19,7,-0.40408668347767424,0.2857142857142857,0.7142857142857143
2021-05-25,4,-0.5185894072055817,0.25,0.75
2021-05-26,11,-0.7548427690159191,0.09090909090909091,0.9090909090909091
2021-05-27,11,-0.2631424828009172,0.36363636363636365,0.6363636363636364
2021-05-28,11,-0.2667020450938832,0.36363636363636365,0.6363636363636364
2021-05-29,3,-0.49249722560246784,0.3333333333333333,0.6666666666666666
2021-06-03,3,-0.31471526622772217,0.3333333333333333,0.6666666666666666
2021-06-04,13,-0.6890922280458304,0.15384615384615385,0.8461538461538461
2021-06-05,10,-0.44215030074119566,0.3,0.7
2021-06-06,4,0.037016212940216064,0.5,0.5
2021-06-07,3,-0.3339287241299947,0.3333333333333333,0.6666666666666666
2021-06-08,13,-0.8100649622770456,0.07692307692307693,0.9230769230769231
2021-06-09,3,-0.9935035705566406,0.0,1.0
2021-06-10,8,-0.5519288405776024,0.25,0.75
2021-06-11,8,-0.7193169519305229,0.125,0.875
2021-06-12,5,-0.5968969106674195,0.2,0.8
2021-06-13,7,0.09063013110842023,0.5714285714285714,0.42857142857142855
2021-06-14,15,-0.5109237472216288,0.26666666666666666,0.7333333333333333
2021-06-15,6,-0.6585921843846639,0.16666666666666666,0.8333333333333334
2021-06-16,12,-0.3342411071062088,0.3333333333333333,0.6666666666666666
2021-06-17,4,-0.9444101899862289,0.0,1.0
2021-06-18,10,-0.7903910458087922,0.1,0.9
2021-06-19,2,-0.9429906904697418,0.0,1.0
2021-06-20,5,-0.8962586164474488,0.0,1.0
2021-06-21,8,-0.246766097843647,0.375,0.625
2021-06-22,8,-0.7427051961421967,0.125,0.875
2021-06-23,13,-0.6925954956274766,0.15384615384615385,0.8461538461538461
2021-06-24,8,-0.28608324378728867,0.375,0.625
2021-06-25,8,-0.7444778084754944,0.125,0.875
2021-06-26,4,-0.5036908090114594,0.25,0.75
2021-06-27,9,-0.9622739288542006,0.0,1.0
2021-06-28,4,-0.5684008300304413,0.25,0.75
2021-06-29,7,-0.9714749200003487,0.0,1.0
2021-07-05,1,0.6777638792991638,1.0,0.0
2021-07-06,6,-0.31619058052698773,0.3333333333333333,0.6666666666666666
2021-07-07,6,-0.31372379263242084,0.3333333333333333,0.6666666666666666
2021-07-08,5,-0.592970609664917,0.2,0.8
2021-07-09,4,-0.8692088574171066,0.0,1.0
2021-07-10,3,-0.975645899772644,0.0,1.0
2021-07-12,2,-0.03211545944213867,0.5,0.5
2021-07-13,6,-0.9089575906594595,0.0,1.0
2021-07-14,1,-0.9946223497390747,0.0,1.0
2021-07-15,3,-0.33045123020807904,0.3333333333333333,0.6666666666666666
2021-07-16,3,-0.32428306341171265,0.3333333333333333,0.6666666666666666
2021-07-24,6,-0.40027517080307007,0.3333333333333333,0.6666666666666666
2021-07-25,1,-0.8153817057609558,0.0,1.0
2021-07-26,4,-0.47888240218162537,0.25,0.75
2021-07-27,1,0.989662766456604,1.0,0.0
2021-07-28,9,-0.5531356069776747,0.2222222222222222,0.7777777777777778
2021-07-29,3,-0.9840180476506551,0.0,1.0
2021-07-30,7,-0.40914991072246004,0.2857142857142857,0.7142857142857143
2021-07-31,3,-0.9749553998311361,0.0,1.0
2021-08-01,3,-0.49319225549697876,0.3333333333333333,0.6666666666666666
2021-08-02,4,-0.5168835073709488,0.25,0.75
2021-08-03,4,-0.4183555543422699,0.25,0.75
2021-08-04,6,-0.9964400827884674,0.0,1.0
2021-08-05,7,-0.9632768375532967,0.0,1.0
2021-08-06,9,-0.784755289554596,0.1111111111111111,0.8888888888888888
2021-08-07,10,-0.21879236102104188,0.4,0.6
2021-08-08,8,-0.7554957270622253,0.125,0.875
2021-08-09,6,-0.6595972875754038,0.16666666666666666,0.8333333333333334
2021-08-10,12,-0.653328999876976,0.16666666666666666,0.8333333333333334
2021-08-11,20,-0.4064151614904404,0.3,0.7
2021-08-12,16,-0.4187377914786339,0.3125,0.6875
2021-08-13,9,-0.7635793950822618,0.1111111111111111,0.8888888888888888
2021-08-14,4,-0.48449601233005524,0.25,0.75
2021-08-15,8,-0.4746195897459984,0.25,0.75
2021-08-16,4,0.003223806619644165,0.5,0.5
2021-08-17,7,-0.47208946091788156,0.2857142857142857,0.7142857142857143
2021-08-18,10,-0.9423097133636474,0.0,1.0
2021-08-19,6,-0.6634672780831655,0.16666666666666666,0.8333333333333334
2021-08-20,9,-0.3202933801545037,0.3333333333333333,0.6666666666666666
2021-08-21,9,-0.7947798636224535,0.1111111111111111,0.8888888888888888
2021-08-22,7,-0.9452987909317017,0.0,1.0
2021-08-23,6,-0.6475964287916819,0.16666666666666666,0.8333333333333334
2021-08-24,13,-0.5402742211635296,0.23076923076923078,0.7692307692307693
2021-08-25,4,-0.9790914505720139,0.0,1.0
2021-08-26,5,-0.14519420862197877,0.4,0.6
2021-08-27,5,0.1244929552078247,0.6,0.4
2021-08-28,5,-0.2423532247543335,0.4,0.6
2021-08-29,6,-0.01751464605331421,0.5,0.5
2021-08-30,1,-0.9982655644416809,0.0,1.0
2021-08-31,5,-0.5366689920425415,0.2,0.8
2021-09-01,3,-0.34281979004542035,0.3333333333333333,0.6666666666666666
2021-09-02,8,-0.9670871496200562,0.0,1.0
2021-09-03,1,-0.9943739175796509,0.0,1.0
2021-09-04,4,-0.49781762063503265,0.25,0.75
2021-09-06,13,-0.6888345709213843,0.15384615384615385,0.8461538461538461
2021-09-07,6,-0.624883900086085,0.16666666666666666,0.8333333333333334
2021-09-08,2,-0.9974854588508606,0.0,1.0
2021-09-09,7,-0.6556527359145028,0.14285714285714285,0.8571428571428571
2021-09-10,4,-0.5411243736743927,0.25,0.75
2021-09-11,7,-0.3715265563556126,0.2857142857142857,0.7142857142857143
2021-09-12,4,-0.9969576448202133,0.0,1.0
2021-09-13,9,-0.32865799135631985,0.3333333333333333,0.6666666666666666
2021-09-14,5,-0.19857083559036254,0.4,0.6
2021-09-15,13,-0.5232545595902663,0.23076923076923078,0.7692307692307693
2021-09-16,7,-0.3703545928001404,0.2857142857142857,0.7142857142857143
2021-09-17,10,-0.5913429379463195,0.2,0.8
2021-09-18,5,-0.6679553508758544,0.2,0.8
2021-09-19,13,-0.04415019200398372,0.46153846153846156,0.5384615384615384
2021-09-20,10,-0.379765248298645,0.3,0.7
2021-09-21,7,-0.987659386226109,0.0,1.0
2021-09-22,7,-0.7107371602739606,0.14285714285714285,0.8571428571428571
2021-09-23,9,-0.5525123874346415,0.2222222222222222,0.7777777777777778
2021-09-24,11,-0.2231744582002813,0.36363636363636365,0.6363636363636364
2021-09-25,10,-0.6006489276885987,0.2,0.8
2021-09-26,3,-0.8495194315910339,0.0,1.0
2021-09-27,12,-0.616267537077268,0.16666666666666666,0.8333333333333334
2021-09-28,6,-0.6644073526064554,0.16666666666666666,0.8333333333333334
2021-09-29,10,-0.5941129326820374,0.2,0.8
2021-09-30,3,-0.9734181960423788,0.0,1.0
2021-10-01,5,-0.595078420639038,0.2,0.8
2021-10-02,6,-0.032306025425593056,0.5,0.5
2021-10-03,6,-0.9200630088647207,0.0,1.0
2021-10-04,4,-0.9089650213718414,0.0,1.0
2021-10-05,6,-0.34483474493026733,0.3333333333333333,0.6666666666666666
2021-10-06,4,-0.9943362027406693,0.0,1.0
2021-10-07,2,-0.9953677952289581,0.0,1.0
2021-10-08,6,-0.018013209104537964,0.5,0.5
2021-10-09,3,-0.45863133668899536,0.3333333333333333,0.6666666666666666
2021-10-10,6,-0.6472846468289694,0.16666666666666666,0.8333333333333334
2021-10-11,10,-0.4439024031162262,0.3,0.7
2021-10-12,6,-0.6676935454209646,0.16666666666666666,0.8333333333333334
2021-10-13,8,-0.9827453941106796,0.0,1.0
2021-10-14,3,0.3373300830523173,0.6666666666666666,0.3333333333333333
2021-10-15,1,0.9553419947624207,1.0,0.0
2021-10-16,2,-0.9964527189731598,0.0,1.0
2021-10-17,3,-0.9267656405766805,0.0,1.0
2021-10-18,2,-0.9937807619571686,0.0,1.0
2021-10-19,2,-0.9731812179088593,0.0,1.0
2021-10-20,8,-0.5011033266782761,0.25,0.75
2021-10-21,5,-0.591989803314209,0.2,0.8
2021-10-22,5,-0.5965553045272827,0.2,0.8
2021-10-23,2,-0.9131414294242859,0.0,1.0
2021-10-24,2,0.9979428052902222,1.0,0.0
2021-10-25,3,-0.4749741355578105,0.3333333333333333,0.6666666666666666
2021-10-26,1,-0.9964975714683533,0.0,1.0
2021-10-27,4,-0.013864800333976746,0.5,0.5
2021-10-28,5,-0.5844833731651307,0.2,0.8
2021-10-29,5,-0.5026946783065795,0.2,0.8
2021-10-30,3,-0.34106173117955524,0.3333333333333333,0.6666666666666666
2021-10-31,6,-0.9176756938298544,0.0,1.0
2021-11-01,2,-0.9838912487030029,0.0,1.0
2021-11-02,1,-0.9993070363998413,0.0,1.0
2021-11-03,4,-0.9861245453357697,0.0,1.0
2021-11-04,4,-0.43932898342609406,0.25,0.75
2021-11-05,8,-0.7817118167877197,0.125,0.875
2021-11-06,8,-0.2340962290763855,0.375,0.625
2021-11-07,4,-0.9733790010213852,0.0,1.0
2021-11-08,3,0.2153722047805786,0.6666666666666666,0.3333333333333333
2021-11-09,3,-0.4057633678118388,0.3333333333333333,0.6666666666666666
2021-11-10,4,-0.4982728213071823,0.25,0.75
2021-11-11,8,-0.4679635390639305,0.25,0.75
2021-11-12,7,-0.974759578704834,0.0,1.0
2021-11-13,1,0.9736136794090271,1.0,0.0
2021-11-14,2,-0.8339708745479584,0.0,1.0
2021-11-15,3,-0.2053860823313395,0.3333333333333333,0.6666666666666666
2021-11-16,3,-0.9583282073338827,0.0,1.0
2021-11-17,3,-0.9812954862912496,0.0,1.0
2021-11-18,3,-0.33048784732818604,0.3333333333333333,0.6666666666666666
2021-11-19,8,-0.49957823008298874,0.25,0.75
2021-11-20,4,0.041472434997558594,0.5,0.5
2021-11-21,6,-0.05105600754419962,0.5,0.5
2021-11-22,3,0.30431026220321655,0.6666666666666666,0.3333333333333333
2021-11-23,1,-0.8281646966934204,0.0,1.0
2021-11-24,7,-0.9691050563539777,0.0,1.0
2021-11-25,2,-0.995976597070694,0.0,1.0
2021-11-26,3,-0.7076865434646606,0.0,1.0
2021-11-28,3,-0.3325418035189311,0.3333333333333333,0.6666666666666666
2021-11-29,3,-0.8552731474240621,0.0,1.0
2021-11-30,3,-0.9259836475054423,0.0,1.0
2021-12-01,5,-0.9547376275062561,0.0,1.0
2021-12-02,4,-0.4985901564359665,0.25,0.75
2021-12-03,6,-0.9601267278194427,0.0,1.0
2021-12-04,6,-0.9802825550238291,0.0,1.0
2021-12-05,6,-0.3335225780804952,0.3333333333333333,0.6666666666666666
2021-12-06,6,0.2323907713095347,0.6666666666666666,0.3333333333333333
2021-12-07,9,-0.3280379705958896,0.3333333333333333,0.6666666666666666
2021-12-08,8,-0.4560409188270569,0.25,0.75
2021-12-09,9,-0.5299156771765815,0.2222222222222222,0.7777777777777778
2021-12-10,3,-0.8379587133725485,0.0,1.0
2021-12-11,6,-0.6520088811715444,0.16666666666666666,0.8333333333333334
2021-12-12,8,-0.512621134519577,0.25,0.75
2021-12-13,3,-0.9551668167114258,0.0,1.0
2021-12-14,4,-0.511282205581665,0.25,0.75
2021-12-15,5,-0.9538194179534912,0.0,1.0
2021-12-16,11,-0.278724578293887,0.36363636363636365,0.6363636363636364
2021-12-17,6,-0.2940647304058075,0.3333333333333333,0.6666666666666666
2021-12-18,3,-0.25796637932459515,0.3333333333333333,0.6666666666666666
2021-12-19,3,-0.964746375878652,0.0,1.0
2021-12-20,3,-0.28130491574605304,0.3333333333333333,0.6666666666666666
2021-12-21,7,-0.7463564957891192,0.14285714285714285,0.8571428571428571
2021-12-22,10,-0.6208152711391449,0.2,0.8
2021-12-23,6,-0.6450113952159882,0.16666666666666666,0.8333333333333334
2021-12-24,3,-0.29572512706120807,0.3333333333333333,0.6666666666666666
2021-12-25,2,0.9668883681297302,1.0,0.0
2021-12-26,5,-0.22222214937210083,0.4,0.6
2021-12-27,5,-0.5651818990707398,0.2,0.8
2021-12-28,1,0.6900126338005066,1.0,0.0
2021-12-29,8,-0.49426139891147614,0.25,0.75
2021-12-30,3,-0.30508395036061603,0.3333333333333333,0.6666666666666666
2021-12-31,5,-0.9891931056976319,0.0,1.0
2022-01-01,3,-0.9958899219830831,0.0,1.0
2022-01-02,4,-0.5239930599927902,0.25,0.75
2022-01-03,10,-0.008864247798919677,0.5,0.5
2022-01-04,9,-0.5733052558369107,0.2222222222222222,0.7777777777777778
2022-01-05,3,-0.31902215878168744,0.3333333333333333,0.6666666666666666
2022-01-06,9,-0.3596801824039883,0.3333333333333333,0.6666666666666666
2022-01-07,3,-0.297898272673289,0.3333333333333333,0.6666666666666666
2022-01-08,8,-0.22762426733970642,0.375,0.625
2022-01-09,1,-0.9807941913604736,0.0,1.0
2022-01-10,3,-0.9873747229576111,0.0,1.0
2022-01-11,6,-0.3369448184967041,0.3333333333333333,0.6666666666666666
2022-01-12,4,-0.10187043249607086,0.5,0.5
2022-01-13,4,-0.9530243277549744,0.0,1.0
2022-01-14,11,-0.32783854549581354,0.36363636363636365,0.6363636363636364
2022-01-15,3,-0.27261539300282794,0.3333333333333333,0.6666666666666666
2022-01-16,2,-0.12857481837272644,0.5,0.5
2022-01-17,7,-0.42651861906051636,0.2857142857142857,0.7142857142857143
2022-01-18,3,-0.9244415362675985,0.0,1.0
2022-01-19,4,-0.6182437986135483,0.25,0.75
2022-01-20,3,-0.39979443947474164,0.3333333333333333,0.6666666666666666
2022-01-21,6,-0.347485492626826,0.3333333333333333,0.6666666666666666
2022-01-22,7,-0.7205773081098285,0.14285714285714285,0.8571428571428571
2022-01-23,8,-0.2990013286471367,0.375,0.625
2022-01-24,9,-0.5472593506177267,0.2222222222222222,0.7777777777777778
2022-01-25,5,-0.936540138721466,0.0,1.0
2022-01-26,3,-0.9723689556121826,0.0,1.0
2022-01-27,3,-0.28067634503046673,0.3333333333333333,0.6666666666666666
2022-01-28,3,-0.9603277643521627,0.0,1.0
2022-01-29,1,-0.9973477125167847,0.0,1.0
2022-01-30,6,-0.33015106121699017,0.3333333333333333,0.6666666666666666
2022-01-31,8,-0.18524352461099625,0.375,0.625
2022-02-01,6,-0.3335811297098796,0.3333333333333333,0.6666666666666666
2022-02-02,4,-0.49976448714733124,0.25,0.75
2022-02-03,10,-0.4011952579021454,0.3,0.7
2022-02-04,5,-0.9418216347694397,0.0,1.0
2022-02-05,4,-0.6103569716215134,0.25,0.75
2022-02-06,8,-0.7646147534251213,0.125,0.875
2022-02-07,4,-0.49319618940353394,0.25,0.75
2022-02-08,5,-0.5755414843559266,0.2,0.8
2022-02-09,6,-0.6523363490899404,0.16666666666666666,0.8333333333333334
2022-02-10,2,-0.0008337497711181641,0.5,0.5
2022-02-11,5,-0.9071811437606812,0.0,1.0
2022-02-12,7,-0.4821961692401341,0.2857142857142857,0.7142857142857143
2022-02-13,5,0.11465568542480468,0.6,0.4
2022-02-14,7,-0.43290380920682636,0.2857142857142857,0.7142857142857143
2022-02-15,3,0.9767835338910421,1.0,0.0
2022-02-16,5,-0.5683015704154968,0.2,0.8
2022-02-17,4,-0.9889557808637619,0.0,1.0
2022-02-18,5,-0.22984373569488525,0.4,0.6
2022-02-19,1,-0.998807430267334,0.0,1.0
2022-02-20,4,-0.4940869063138962,0.25,0.75
2022-02-21,6,-0.9856442213058472,0.0,1.0
2022-02-22,2,0.0004388391971588135,0.5,0.5
2022-02-23,4,-0.4629528075456619,0.25,0.75
2022-02-24,6,-0.9320132831732432,0.0,1.0
2022-02-25,9,-0.5467526250415378,0.2222222222222222,0.7777777777777778
2022-02-26,8,-0.713408388197422,0.125,0.875
2022-02-27,6,-0.9342114826043447,0.0,1.0
2022-02-28,9,-0.503296415011088,0.2222222222222222,0.7777777777777778
2022-03-01,5,-0.5816678643226624,0.2,0.8
2022-03-02,4,-0.484856978058815,0.25,0.75
2022-03-03,6,-0.9723228514194489,0.0,1.0
2022-03-04,6,-0.7358078161875407,0.16666666666666666,0.8333333333333334
2022-03-05,5,-0.585355019569397,0.2,0.8
2022-03-06,7,-0.6983803170067924,0.14285714285714285,0.8571428571428571
2022-03-07,5,-0.59124596118927,0.2,0.8
2022-03-08,5,-0.22208770513534545,0.4,0.6
2022-03-09,1,-0.993463933467865,0.0,1.0
2022-03-10,3,-0.289225955804189,0.3333333333333333,0.6666666666666666
2022-03-11,5,0.08148120641708374,0.6,0.4
2022-03-12,6,-0.6855307221412659,0.16666666666666666,0.8333333333333334
2022-03-13,2,-0.9990364909172058,0.0,1.0
2022-03-14,10,-0.40699278712272646,0.3,0.7
2022-03-15,5,-0.5965043902397156,0.2,0.8
2022-03-16,5,-0.19895555973052978,0.4,0.6
2022-03-17,4,-0.5777418166399002,0.25,0.75
2022-03-18,4,-0.9640815556049347,0.0,1.0
2022-03-19,4,0.4462844878435135,0.75,0.25
2022-03-20,2,-0.033697158098220825,0.5,0.5
2022-03-21,5,-0.589241909980774,0.2,0.8
2022-03-22,4,-0.48216694593429565,0.25,0.75
2022-03-23,3,0.8454191088676453,1.0,0.0
2022-03-24,8,-0.9509144723415375,0.0,1.0
2022-03-25,6,-0.6540872951348623,0.16666666666666666,0.8333333333333334
2022-03-26,4,0.5051628053188324,0.75,0.25
2022-03-27,7,-0.42325477940695627,0.2857142857142857,0.7142857142857143
2022-03-28,6,-0.6024518609046936,0.16666666666666666,0.8333333333333334
2022-03-29,7,-0.414120009967259,0.2857142857142857,0.7142857142857143
2022-03-30,8,-0.44521936774253845,0.25,0.75
2022-03-31,11,-0.9814453179186041,0.0,1.0
2022-04-01,17,-0.054286711356219125,0.47058823529411764,0.5294117647058824
2022-04-02,7,-0.2208679233278547,0.42857142857142855,0.5714285714285714
2022-04-03,6,-0.030997902154922485,0.5,0.5
2022-04-04,8,-0.5081340298056602,0.25,0.75
2022-04-05,7,-0.704156654221671,0.14285714285714285,0.8571428571428571
2022-04-06,7,-0.6450229968343463,0.14285714285714285,0.8571428571428571
2022-04-07,7,-0.43145670209612164,0.2857142857142857,0.7142857142857143
2022-04-08,6,-0.3637218674023946,0.3333333333333333,0.6666666666666666
2022-04-09,5,0.1452627420425415,0.6,0.4
2022-04-10,2,-0.9934095442295074,0.0,1.0
2022-04-11,9,-0.9848791559537252,0.0,1.0
2022-04-12,4,-0.9761646538972855,0.0,1.0
2022-04-13,5,-0.5282638907432556,0.2,0.8
2022-04-14,5,-0.9984824776649475,0.0,1.0
2022-04-15,5,-0.2537068486213684,0.4,0.6
2022-04-16,6,-0.9420553942521414,0.0,1.0
2022-04-17,10,-0.2066924273967743,0.4,0.6
2022-04-18,3,-0.40023575226465863,0.3333333333333333,0.6666666666666666
2022-04-19,3,-0.350525160630544,0.3333333333333333,0.6666666666666666
2022-04-20,9,-0.7704322934150696,0.1111111111111111,0.8888888888888888
2022-04-21,6,-0.7228459815184275,0.16666666666666666,0.8333333333333334
2022-04-22,12,-0.9307704021533331,0.0,1.0
2022-04-23,7,-0.7069723606109619,0.14285714285714285,0.8571428571428571
2022-04-24,2,-0.9912303686141968,0.0,1.0
2022-04-25,6,-0.6362776358922323,0.16666666666666666,0.8333333333333334
2022-04-26,6,-0.944250762462616,0.0,1.0
2022-04-27,5,0.29510498046875,0.6,0.4
2022-04-28,6,-0.6469606558481852,0.16666666666666666,0.8333333333333334
2022-04-29,4,-0.4907742142677307,0.25,0.75
2022-04-30,4,-0.488699346780777,0.25,0.75
2022-05-01,3,-0.9464205900828043,0.0,1.0
2022-05-02,7,-0.43081657375608173,0.2857142857142857,0.7142857142857143
2022-05-03,9,-0.8163344462712606,0.1111111111111111,0.8888888888888888
2022-05-04,2,-0.9489765763282776,0.0,1.0
2022-05-05,2,-0.002430051565170288,0.5,0.5
2022-05-06,6,0.008133123318354288,0.5,0.5
2022-05-07,10,-0.5315759956836701,0.2,0.8
2022-05-08,9,-0.5255178014437357,0.2222222222222222,0.7777777777777778
2022-05-09,10,-0.19863128066062927,0.4,0.6
2022-05-10,3,-0.3295573393503825,0.3333333333333333,0.6666666666666666
2022-05-11,10,-0.4610825777053833,0.3,0.7
2022-05-12,7,-0.21171763965061732,0.42857142857142855,0.5714285714285714
2022-05-13,10,-0.7426604986190796,0.1,0.9
2022-05-14,4,0.0042304545640945435,0.5,0.5
2022-05-15,2,-0.9881996214389801,0.0,1.0
2022-05-16,7,-0.9430541736739022,0.0,1.0
2022-05-17,5,-0.9774401426315308,0.0,1.0
2022-05-18,9,-0.7541240519947476,0.1111111111111111,0.8888888888888888
2022-05-19,9,-0.781241238117218,0.1111111111111111,0.8888888888888888
2022-05-20,6,-0.7397842009862264,0.16666666666666666,0.8333333333333334
2022-05-21,11,-0.06438013098456642,0.45454545454545453,0.5454545454545454
2022-05-22,4,-0.5311090499162674,0.25,0.75
2022-05-23,5,-0.9972888946533203,0.0,1.0
2022-05-24,2,0.0006029307842254639,0.5,0.5
2022-05-25,3,-0.3481350541114807,0.3333333333333333,0.6666666666666666
2022-05-26,3,-0.42593087752660114,0.3333333333333333,0.6666666666666666
2022-05-27,4,-0.03980252146720886,0.5,0.5
2022-05-28,4,-0.4788164049386978,0.25,0.75
2022-05-29,7,-0.7278898358345032,0.14285714285714285,0.8571428571428571
2022-05-30,3,-0.9651732643445333,0.0,1.0
2022-05-31,1,-0.9986168146133423,0.0,1.0
2022-06-01,2,-0.9928256869316101,0.0,1.0
2022-06-02,5,-0.9965352177619934,0.0,1.0
2022-06-03,3,-0.4587886134783427,0.3333333333333333,0.6666666666666666
2022-06-04,3,-0.4016829530398051,0.3333333333333333,0.6666666666666666
2022-06-05,4,-0.4994714707136154,0.25,0.75
2022-06-06,7,-0.36320516041346956,0.2857142857142857,0.7142857142857143
2022-06-07,1,-0.9973734617233276,0.0,1.0
2022-06-08,2,-0.9967212378978729,0.0,1.0
2022-06-09,9,-0.9412797490755717,0.0,1.0
2022-06-10,4,-0.4112037867307663,0.25,0.75
2022-06-11,5,-0.5309737682342529,0.2,0.8
2022-06-12,9,-0.9675459994210137,0.0,1.0
2022-06-13,10,-0.5909151673316956,0.2,0.8
2022-06-14,11,-0.48326152021234686,0.2727272727272727,0.7272727272727273
2022-06-15,4,-0.9986682832241058,0.0,1.0
2022-06-16,5,-0.6152303099632264,0.2,0.8
2022-06-17,4,-0.08638854324817657,0.5,0.5
2022-06-18,5,-0.5901307821273803,0.2,0.8
2022-06-19,5,0.19974499940872192,0.6,0.4
2022-06-20,3,-0.9491479396820068,0.0,1.0
2022-06-21,5,-0.9492925643920899,0.0,1.0
2022-06-22,5,-0.49646027088165284,0.2,0.8
2022-06-23,9,-0.3126925958527459,0.3333333333333333,0.6666666666666666
2022-06-24,4,-0.607472375035286,0.25,0.75
2022-06-25,3,-0.33396806319554645,0.3333333333333333,0.6666666666666666
2022-06-26,6,-0.6171953578790029,0.16666666666666666,0.8333333333333334
2022-06-27,5,-0.9963752865791321,0.0,1.0
2022-06-28,6,-0.6569621761639913,0.16666666666666666,0.8333333333333334
2022-06-29,5,-0.6011475324630737,0.2,0.8
2022-06-30,5,-0.9577257871627808,0.0,1.0
2022-07-01,10,-0.7946293294429779,0.1,0.9
2022-07-02,6,-0.33402615785598755,0.3333333333333333,0.6666666666666666
2022-07-03,8,-0.7381568476557732,0.125,0.875
2022-07-04,11,-0.2568518736145713,0.36363636363636365,0.6363636363636364
2022-07-05,5,-0.2912407636642456,0.4,0.6
2022-07-06,2,0.7727055549621582,1.0,0.0
2022-07-07,5,-0.5922027349472045,0.2,0.8
2022-07-08,5,0.1743575692176819,0.6,0.4
2022-07-09,6,-0.9568432072798411,0.0,1.0
2022-07-10,8,-0.2893015444278717,0.375,0.625
2022-07-11,10,-0.39212048053741455,0.3,0.7
2022-07-12,7,0.37244429758616854,0.7142857142857143,0.2857142857142857
2022-07-13,7,-0.1516749347959246,0.42857142857142855,0.5714285714285714
2022-07-14,1,0.9960926175117493,1.0,0.0
2022-07-15,9,-0.7644708752632141,0.1111111111111111,0.8888888888888888
2022-07-16,5,-0.6086320877075195,0.2,0.8
2022-07-18,2,-0.9726569056510925,0.0,1.0
2022-07-19,7,-0.6130358065877642,0.14285714285714285,0.8571428571428571
2022-07-20,2,-0.12186220288276672,0.5,0.5
2022-07-21,7,-0.4110056332179478,0.2857142857142857,0.7142857142857143
2022-07-22,2,-0.8726058900356293,0.0,1.0
2022-07-23,5,-0.9500632643699646,0.0,1.0
2022-07-24,3,-0.3406313459078471,0.3333333333333333,0.6666666666666666
2022-07-25,8,-0.2820623740553856,0.375,0.625
2022-07-26,5,-0.2681919693946838,0.4,0.6
2022-07-27,7,-0.15417850017547607,0.42857142857142855,0.5714285714285714
2022-07-28,8,-0.6988820359110832,0.125,0.875
2022-07-29,4,-0.5008166283369064,0.25,0.75
2022-07-30,5,-0.9708819389343262,0.0,1.0
2022-07-31,6,-0.6579489509264628,0.16666666666666666,0.8333333333333334
2022-08-01,8,0.04107246547937393,0.5,0.5
2022-08-02,7,-0.4520261287689209,0.2857142857142857,0.7142857142857143
2022-08-03,5,0.14182260036468505,0.6,0.4
2022-08-04,4,-0.0014897733926773071,0.5,0.5
2022-08-05,1,0.9775346517562866,1.0,0.0
2022-08-06,4,-0.49475742876529694,0.25,0.75
2022-08-07,7,-0.9865774767739433,0.0,1.0
2022-08-08,5,-0.9872868180274963,0.0,1.0
2022-08-09,3,-0.9987850983937582,0.0,1.0
2022-08-10,4,-0.8627762794494629,0.0,1.0
2022-08-11,10,-0.5863076686859131,0.2,0.8
2022-08-12,5,-0.6290753483772278,0.2,0.8
2022-08-13,3,-0.3302294413248698,0.3333333333333333,0.6666666666666666
2022-08-14,3,-0.4092913468678792,0.3333333333333333,0.6666666666666666
2022-08-15,4,-0.49849292635917664,0.25,0.75
2022-08-16,4,-0.5030264407396317,0.25,0.75
2022-08-17,7,-0.6839827469417027,0.14285714285714285,0.8571428571428571
2022-08-18,1,0.6013780236244202,1.0,0.0
2022-08-19,5,-0.6022666335105896,0.2,0.8
2022-08-20,5,-0.9622004508972168,0.0,1.0
2022-08-21,10,-0.7757092833518981,0.1,0.9
2022-08-22,11,-0.6143825433470986,0.18181818181818182,0.8181818181818182
2022-08-23,9,-0.3311539689699809,0.3333333333333333,0.6666666666666666
2022-08-24,7,-0.16281430210386003,0.42857142857142855,0.5714285714285714
2022-08-25,8,-0.5019170045852661,0.25,0.75
2022-08-26,7,-0.44681181226457867,0.2857142857142857,0.7142857142857143
2022-08-27,10,-0.5596282958984375,0.2,0.8
2022-08-28,2,-0.9937981069087982,0.0,1.0
2022-08-29,9,-0.719752291838328,0.1111111111111111,0.8888888888888888
2022-08-30,11,-0.7987132289192893,0.09090909090909091,0.9090909090909091
2022-08-31,2,-0.9979014992713928,0.0,1.0
2022-09-01,5,-0.9250297784805298,0.0,1.0
2022-09-02,5,-0.5201290130615235,0.2,0.8
2022-09-03,1,0.8200246691703796,1.0,0.0
2022-09-04,5,0.4900961875915527,0.8,0.2
2022-09-05,10,-0.764313691854477,0.1,0.9
2022-09-06,2,-0.24383938312530518,0.5,0.5
2022-09-07,4,-0.05259339511394501,0.5,0.5
2022-09-08,4,-0.49506574869155884,0.25,0.75
2022-09-09,6,-0.31216397881507874,0.3333333333333333,0.6666666666666666
2022-09-10,5,0.15701106786727906,0.6,0.4
2022-09-11,6,-0.6146148145198822,0.16666666666666666,0.8333333333333334
2022-09-12,3,-0.9197873870531718,0.0,1.0
2022-09-13,5,-0.20414584875106812,0.4,0.6
2022-09-14,1,-0.9114802479743958,0.0,1.0
2022-09-15,3,0.3351058562596639,0.6666666666666666,0.3333333333333333
2022-09-16,4,-0.4895479083061218,0.25,0.75
2022-09-17,6,-0.6423378586769104,0.16666666666666666,0.8333333333333334
2022-09-18,3,-0.3589080174763997,0.3333333333333333,0.6666666666666666
2022-09-19,4,-0.9964590519666672,0.0,1.0
2022-09-20,7,-0.9796448605401176,0.0,1.0
2022-09-21,5,0.5680852055549621,0.8,0.2
2022-09-22,8,-0.7377581223845482,0.125,0.875
2022-09-23,7,-0.4458766664777483,0.2857142857142857,0.7142857142857143
2022-09-24,5,-0.19977980852127075,0.4,0.6
2022-09-25,1,-0.9961671233177185,0.0,1.0
2022-09-26,4,-0.9930916726589203,0.0,1.0
2022-09-27,6,-0.9895171920458475,0.0,1.0
2022-09-28,7,-0.4204601304871695,0.2857142857142857,0.7142857142857143
2022-09-29,1,-0.9867061972618103,0.0,1.0
2022-09-30,7,-0.7125685725893293,0.14285714285714285,0.8571428571428571
2022-10-01,4,-0.500247910618782,0.25,0.75
2022-10-02,8,-0.7481062561273575,0.125,0.875
2022-10-03,4,-0.45229092240333557,0.25,0.75
2022-10-04,8,-0.48599768429994583,0.25,0.75
2022-10-05,7,-0.4218045813696725,0.2857142857142857,0.7142857142857143
2022-10-06,6,-0.002997756004333496,0.5,0.5
2022-10-07,4,-0.9943264126777649,0.0,1.0
2022-10-08,4,-0.028402671217918396,0.5,0.5
2022-10-09,3,-0.3627367814381917,0.3333333333333333,0.6666666666666666
2022-10-10,5,-0.6019528865814209,0.2,0.8
2022-10-11,4,-0.4413417726755142,0.25,0.75
2022-10-12,5,-0.5353068470954895,0.2,0.8
2022-10-13,3,-0.9840060472488403,0.0,1.0
2022-10-14,3,-0.4145419994990031,0.3333333333333333,0.6666666666666666
2022-10-15,6,-0.07128577431042989,0.5,0.5
2022-10-16,5,-0.20888221263885498,0.4,0.6
2022-10-17,14,-0.7732551651341575,0.07142857142857142,0.9285714285714286
2022-10-18,8,-0.5242538303136826,0.25,0.75
2022-10-19,4,-0.8783388137817383,0.0,1.0
2022-10-20,4,-0.9594421982765198,0.0,1.0
2022-10-21,3,-0.9939312736193339,0.0,1.0
2022-10-22,4,-0.7920324802398682,0.0,1.0
2022-10-23,3,-0.19565812746683756,0.3333333333333333,0.6666666666666666
2022-10-24,3,-0.9978258808453878,0.0,1.0
2022-10-25,5,0.15244815349578858,0.6,0.4
2022-10-26,5,-0.18610777854919433,0.4,0.6
2022-10-27,3,-0.3494378129641215,0.3333333333333333,0.6666666666666666
2022-10-28,1,-0.9993032217025757,0.0,1.0
2022-10-29,5,-0.9973323345184326,0.0,1.0
2022-10-30,3,-0.9721106092135111,0.0,1.0
2022-10-31,9,-0.7694425185521444,0.1111111111111111,0.8888888888888888
2022-11-01,9,-0.11797508928510878,0.4444444444444444,0.5555555555555556
2022-11-02,1,-0.9927099943161011,0.0,1.0
2022-11-03,6,-0.9582768877347311,0.0,1.0
2022-11-04,3,-0.9789746602376302,0.0,1.0
2022-11-05,3,-0.9940221508344015,0.0,1.0
2022-11-06,2,-0.9960344731807709,0.0,1.0
2022-11-07,5,-0.6718497633934021,0.2,0.8
2022-11-08,5,-0.9657175540924072,0.0,1.0
2022-11-09,3,-0.9903251926104227,0.0,1.0
2022-11-10,12,-0.827894722421964,0.08333333333333333,0.9166666666666666
2022-11-11,8,-0.7328233495354652,0.125,0.875
2022-11-12,4,-0.5012499839067459,0.25,0.75
2022-11-13,5,-0.5964697480201722,0.2,0.8
2022-11-14,5,-0.211250901222229,0.4,0.6
2022-11-15,5,-0.6411654829978943,0.2,0.8
2022-11-16,8,-0.7823429331183434,0.125,0.875
2022-11-17,5,-0.8335670351982116,0.0,1.0
2022-11-18,9,-0.756777028242747,0.1111111111111111,0.8888888888888888
2022-11-19,5,-0.9151191592216492,0.0,1.0
2022-11-20,4,-0.9898493885993958,0.0,1.0
2022-11-21,5,0.13775621652603148,0.6,0.4
2022-11-22,6,-0.6252480745315552,0.16666666666666666,0.8333333333333334
2022-11-23,5,-0.947200334072113,0.0,1.0
2022-11-24,3,-0.9942953189214071,0.0,1.0
2022-11-25,6,-0.7107251385847727,0.16666666666666666,0.8333333333333334
2022-11-26,4,-0.9970369637012482,0.0,1.0
2022-11-27,5,-0.20028096437454224,0.4,0.6
2022-11-28,4,0.45468002557754517,0.75,0.25
2022-11-29,8,-0.5336574614048004,0.25,0.75
2022-11-30,5,-0.48654779195785525,0.2,0.8
2022-12-01,2,-0.998707503080368,0.0,1.0
2022-12-02,6,0.37547459204991657,0.6666666666666666,0.3333333333333333
2022-12-03,5,-0.22481738328933715,0.4,0.6
2022-12-04,3,-0.2995435992876689,0.3333333333333333,0.6666666666666666
2022-12-05,7,0.6239203810691833,0.8571428571428571,0.14285714285714285
2022-12-06,6,-0.9494409064451853,0.0,1.0
2022-12-07,10,-0.970361840724945,0.0,1.0
2022-12-08,6,-0.3335182766119639,0.3333333333333333,0.6666666666666666
2022-12-09,8,-0.7111894264817238,0.125,0.875
2022-12-10,3,-0.3258296847343445,0.3333333333333333,0.6666666666666666
2022-12-11,3,-0.9987059831619263,0.0,1.0
2022-12-12,11,-0.6299412467262961,0.18181818181818182,0.8181818181818182
2022-12-13,7,-0.14696447338376725,0.42857142857142855,0.5714285714285714
2022-12-14,10,-0.6361603915691376,0.2,0.8
2022-12-15,3,0.15695448716481528,0.6666666666666666,0.3333333333333333
2022-12-16,5,-0.6003756165504456,0.2,0.8
2022-12-17,8,-0.7374000176787376,0.125,0.875
2022-12-18,4,-0.49686960875988007,0.25,0.75
2022-12-19,6,-0.6317758063475291,0.16666666666666666,0.8333333333333334
2022-12-20,6,-0.6292410294214884,0.16666666666666666,0.8333333333333334
2022-12-21,7,-0.3959255644253322,0.2857142857142857,0.7142857142857143
2022-12-22,4,-0.07094429433345795,0.5,0.5
2022-12-23,6,-0.6590819160143534,0.16666666666666666,0.8333333333333334
2022-12-24,4,-0.4976758807897568,0.25,0.75
2022-12-25,4,-0.18977682292461395,0.5,0.5
2022-12-26,6,-0.32440873980522156,0.3333333333333333,0.6666666666666666
2022-12-27,12,-0.6817633658647537,0.16666666666666666,0.8333333333333334
2022-12-28,8,-0.5117471292614937,0.25,0.75
2022-12-29,12,-0.49820396800835925,0.25,0.75
2022-12-30,8,-0.7446721196174622,0.125,0.875
2022-12-31,6,-0.32613538702329,0.3333333333333333,0.6666666666666666
2023-01-01,3,-0.9845096071561178,0.0,1.0
2023-01-02,5,-0.5929383158683776,0.2,0.8
2023-01-03,10,-0.39095022678375246,0.3,0.7
2023-01-04,2,-0.9981254935264587,0.0,1.0
2023-01-05,4,0.39475272595882416,0.75,0.25
2023-01-06,9,-0.7560274402300516,0.1111111111111111,0.8888888888888888
2023-01-07,9,-0.3505049016740587,0.3333333333333333,0.6666666666666666
2023-01-08,9,-0.7576844890912374,0.1111111111111111,0.8888888888888888
2023-01-09,7,-0.9014548233577183,0.0,1.0
2023-01-10,9,0.08453186353047688,0.5555555555555556,0.4444444444444444
2023-01-11,9,-0.3235168192121718,0.3333333333333333,0.6666666666666666
2023-01-12,6,-0.9351414144039154,0.0,1.0
2023-01-13,5,-0.6164145827293396,0.2,0.8
2023-01-14,5,-0.9856907486915588,0.0,1.0
2023-01-15,3,0.3281540473302205,0.6666666666666666,0.3333333333333333
2023-01-16,2,-0.9832838773727417,0.0,1.0
2023-01-17,6,-0.3076833089192708,0.3333333333333333,0.6666666666666666
2023-01-18,7,-0.18858551979064941,0.42857142857142855,0.5714285714285714
2023-01-19,4,-0.009538590908050537,0.5,0.5
2023-01-20,4,-0.4870880991220474,0.25,0.75
2023-01-21,2,0.002149730920791626,0.5,0.5
2023-01-23,6,0.3239466647307078,0.6666666666666666,0.3333333333333333
2023-01-24,7,-0.43736554043633596,0.2857142857142857,0.7142857142857143
2023-01-25,5,-0.16877003908157348,0.4,0.6
2023-01-26,5,-0.9921852946281433,0.0,1.0
2023-01-27,4,0.4978937655687332,0.75,0.25
2023-01-28,2,-0.9787247478961945,0.0,1.0
2023-01-29,2,-0.9963180720806122,0.0,1.0
2023-01-30,2,-0.05153760313987732,0.5,0.5
